run_id,experiment_id,experiment_type,protocol,chain_key,environment,path,tx_kind,outcome,retry_count,error,sender,nonce,gas_limit,calldata_bytes,submitted_at,l1_tx_hash,l1_force_hash,l2_tx_hash,git_commit,harness_version,S1_block_number,S1_block_timestamp,S1_clock_source,S1_confidence,S1_finalized,S2_block_number,S2_block_timestamp,S2_clock_source,S2_confidence,S2_finalized,S3_block_number,S3_block_timestamp,S3_clock_source,S3_confidence,S3_finalized,S4_block_number,S4_block_timestamp,S4_clock_source,S4_confidence,S4_finalized,S5_block_number,S5_block_timestamp,S5_clock_source,S5_confidence,S5_finalized,S6_block_number,S6_block_timestamp,S6_clock_source,S6_confidence,S6_finalized,S7_block_number,S7_block_timestamp,S7_clock_source,S7_confidence,S7_finalized,S8_block_number,S8_block_timestamp,S8_clock_source,S8_confidence,S8_finalized,S9_block_number,S9_block_timestamp,S9_clock_source,S9_confidence,S9_finalized,M_L1,M_L1_mixed_clock,M_L1_resolution_sec,M_L2,M_L2_mixed_clock,M_L2_resolution_sec,M_L3,M_L3_mixed_clock,M_L3_resolution_sec,M_L4,M_L4_mixed_clock,M_L4_resolution_sec,is_complete,M_C1,M_C2,M_C3,M_C3_op_l1_data_fee_wei,M_C3_arb_l1_gas_allocation,total_fee_wei,M_C4,M_C4_numerator_wei,M_U1,inclusion_path,l1_gas_used,l1_gas_price,l2_gas_used,force_gas_used,l1_base_fee_at_submit,param_delayBlocks,param_delayBlocks_source,param_delaySeconds,param_delaySeconds_source,param_futureBlocks,param_futureBlocks_source,param_futureSeconds,param_futureSeconds_source,param_portalVersion,param_portalVersion_source,param_statedForcedBoundSec,param_statedForcedBoundSec_source,param_totalDelayedMessagesRead,param_totalDelayedMessagesRead_source
723da387-e60f-4202-b2d3-892c46746f8d,A-arb-sepolia,A,arbitrum-nitro,arb-sepolia,testnet,normal,eth_transfer,success,0,,0x593483F19Bd38Adb051afB90A79cce45C21dA6A5,,100000,0,2026-09-09T05:33:48.523Z,,,0x1f2478b1cae18f1a4d618ba2bcb05295a05cb3b95e350ce39f9c2265a78b2a66,02feaa6171ca82c657406fe6329435419d47b126,0.1.0,,1788932028,wall,observed,0,,1788932028,wall,observed,0,,,,,,,,,,,,,,,,,,,,,306971076,1788932030,l2_block,observed,0,306971076,1788932030,l2_block,observed,0,,,,,,,,,,,,,,,2,1,0.25,1,,,5338186380000,,206,5338186380000,,5338186380000,0,,,,21206,,,7200,on-chain,86400,on-chain,64,on-chain,768,on-chain,,,86400,on-chain,2163032,on-chain
63028f26-8531-4efe-860f-8e05152603f1,A-arb-sepolia,A,arbitrum-nitro,arb-sepolia,testnet,normal,eth_transfer,success,0,,0x593483F19Bd38Adb051afB90A79cce45C21dA6A5,,100000,0,2026-09-09T14:00:32.669Z,,,0xd3f55e285ead21fc6d03be00bd3c5c62f1c9f695d9356ab92c49bbffa5e90f8a,02feaa6171ca82c657406fe6329435419d47b126,0.1.0,,1788962432,wall,observed,0,,1788962432,wall,observed,0,,,,,,,,,,,,,,,,,,,,,307092899,1788962433,l2_block,observed,0,307092899,1788962433,l2_block,observed,0,,,,,,,,,,,,,,,1,1,0.25,1,,,5490673566000,,301,5490673566000,,5490673566000,0,,,,21301,,,7200,on-chain,86400,on-chain,64,on-chain,768,on-chain,,,86400,on-chain,2163032,on-chain
89d69b58-50cb-448e-895a-965d8d372d5d,A-arb-sepolia,A,arbitrum-nitro,arb-sepolia,testnet,normal,eth_transfer,success,0,,0x593483F19Bd38Adb051afB90A79cce45C21dA6A5,,100000,0,2026-09-09T14:00:34.675Z,,,0xb81b4be06560323961c8a59596d570daf664b11fabbbbe77a7b5e1aa40efbfae,02feaa6171ca82c657406fe6329435419d47b126,0.1.0,,1788962434,wall,observed,0,,1788962434,wall,observed,0,,,,,,,,,,,,,,,,,,,,,307092907,1788962435,l2_block,observed,0,307092907,1788962435,l2_block,observed,0,,,,,,,,,,,,,,,1,1,0.25,1,,,5490673566000,,301,5490673566000,,5490673566000,0,,,,21301,,,7200,on-chain,86400,on-chain,64,on-chain,768,on-chain,,,86400,on-chain,2163032,on-chain
6a49e6f3-64a8-4850-8f5a-88e417fce8a1,A-arb-sepolia,A,arbitrum-nitro,arb-sepolia,testnet,normal,eth_transfer,success,0,,0x593483F19Bd38Adb051afB90A79cce45C21dA6A5,,100000,0,2026-09-09T14:00:36.711Z,,,0xaa5132f9cc3e2a08408120066c65b1824e627e4bca72c88accf77906931045a7,02feaa6171ca82c657406fe6329435419d47b126,0.1.0,,1788962436,wall,observed,0,,1788962436,wall,observed,0,,,,,,,,,,,,,,,,,,,,,307092915,1788962437,l2_block,observed,0,307092915,1788962437,l2_block,observed,0,,,,,,,,,,,,,,,1,1,0.25,1,,,5490673566000,,301,5490673566000,,5490673566000,0,,,,21301,,,7200,on-chain,86400,on-chain,64,on-chain,768,on-chain,,,86400,on-chain,2163032,on-chain
dfe5282f-83b6-493a-b1fa-b3186e1486cf,A-arb-sepolia,A,arbitrum-nitro,arb-sepolia,testnet,normal,eth_transfer,success,0,,0x593483F19Bd38Adb051afB90A79cce45C21dA6A5,,100000,0,2026-09-09T14:00:38.685Z,,,0xc5c590409c68a0fe36ab3e94d35268e7fe25a578c5cd29a60c12ba67fc210a74,02feaa6171ca82c657406fe6329435419d47b126,0.1.0,,1788962438,wall,observed,0,,1788962438,wall,observed,0,,,,,,,,,,,,,,,,,,,,,307092923,1788962439,l2_block,observed,0,307092923,1788962439,l2_block,observed,0,,,,,,,,,,,,,,,1,1,0.25,1,,,5490673566000,,301,5490673566000,,5490673566000,0,,,,21301,,,7200,on-chain,86400,on-chain,64,on-chain,768,on-chain,,,86400,on-chain,2163032,on-chain
711077e2-b3a0-4a32-b14e-a417bb01c416,A-arb-sepolia,A,arbitrum-nitro,arb-sepolia,testnet,normal,eth_transfer,success,0,,0x593483F19Bd38Adb051afB90A79cce45C21dA6A5,,100000,0,2026-09-09T14:00:40.994Z,,,0xd4b5efae3def264e8c1764352442a8f44160680a9af3081c47ab3576d4987a33,02feaa6171ca82c657406fe6329435419d47b126,0.1.0,,1788962440,wall,observed,0,,1788962440,wall,observed,0,,,,,,,,,,,,,,,,,,,,,307092932,1788962441,l2_block,observed,0,307092932,1788962441,l2_block,observed,0,,,,,,,,,,,,,,,1,1,0.25,1,,,5498980956000,,301,5498980956000,,5498980956000,0,,,,21301,,,7200,on-chain,86400,on-chain,64,on-chain,768,on-chain,,,86400,on-chain,2163032,on-chain
34df2161-b567-49d1-b938-72716a4e6f82,A-arb-sepolia,A,arbitrum-nitro,arb-sepolia,testnet,normal,eth_transfer,success,0,,0x593483F19Bd38Adb051afB90A79cce45C21dA6A5,,100000,0,2026-09-09T14:00:42.948Z,,,0x5795d9242bc50c3dcfde4089b75d8b3d56e2a1a33c48fea827b05ac64a6c730f,02feaa6171ca82c657406fe6329435419d47b126,0.1.0,,1788962442,wall,observed,0,,1788962442,wall,observed,0,,,,,,,,,,,,,,,,,,,,,307092940,1788962443,l2_block,observed,0,307092940,1788962443,l2_block,observed,0,,,,,,,,,,,,,,,1,1,0.25,1,,,5530626134000,,299,5530626134000,,5530626134000,0,,,,21299,,,7200,on-chain,86400,on-chain,64,on-chain,768,on-chain,,,86400,on-chain,2163032,on-chain
acdef0df-9164-4124-8196-1e8bcf8245c8,A-arb-sepolia,A,arbitrum-nitro,arb-sepolia,testnet,normal,eth_transfer,success,0,,0x593483F19Bd38Adb051afB90A79cce45C21dA6A5,,100000,0,2026-09-09T14:00:44.960Z,,,0x57d5120ca04593160e96bde1f6d19378e18b6e13d6e936509fd15d9a08e23b9c,02feaa6171ca82c657406fe6329435419d47b126,0.1.0,,1788962444,wall,observed,0,,1788962444,wall,observed,0,,,,,,,,,,,,,,,,,,,,,307092948,1788962445,l2_block,observed,0,307092948,1788962445,l2_block,observed,0,,,,,,,,,,,,,,,1,1,0.25,1,,,5504942400000,,300,5504942400000,,5504942400000,0,,,,21300,,,7200,on-chain,86400,on-chain,64,on-chain,768,on-chain,,,86400,on-chain,2163032,on-chain
9d0a8c2e-37dc-4412-90b5-b0d9d86fdbc5,A-arb-sepolia,A,arbitrum-nitro,arb-sepolia,testnet,normal,eth_transfer,success,0,,0x593483F19Bd38Adb051afB90A79cce45C21dA6A5,,100000,0,2026-09-09T14:00:47.277Z,,,0xd0119443f7d92c72d1fc57ac0d38e427627c6f8e487147e1c239bbfa6084395b,02feaa6171ca82c657406fe6329435419d47b126,0.1.0,,1788962447,wall,observed,0,,1788962447,wall,observed,0,,,,,,,,,,,,,,,,,,,,,307092958,1788962448,l2_block,observed,0,307092958,1788962448,l2_block,observed,0,,,,,,,,,,,,,,,1,1,0.25,1,,,5538630092000,,298,5538630092000,,5538630092000,0,,,,21298,,,7200,on-chain,86400,on-chain,64,on-chain,768,on-chain,,,86400,on-chain,2163032,on-chain
b8e89b8a-d25f-4097-8090-a1d9192d2278,A-arb-sepolia,A,arbitrum-nitro,arb-sepolia,testnet,normal,eth_transfer,success,0,,0x593483F19Bd38Adb051afB90A79cce45C21dA6A5,,100000,0,2026-09-09T14:00:49.475Z,,,0xd0d730b70a525ceeb008432349398ffef842f6812dc61a977c2ac23a8352a821,02feaa6171ca82c657406fe6329435419d47b126,0.1.0,,1788962449,wall,observed,0,,1788962449,wall,observed,0,,,,,,,,,,,,,,,,,,,,,307092966,1788962450,l2_block,observed,0,307092966,1788962450,l2_block,observed,0,,,,,,,,,,,,,,,1,1,0.25,1,,,5554002036000,,297,5554002036000,,5554002036000,0,,,,21297,,,7200,on-chain,86400,on-chain,64,on-chain,768,on-chain,,,86400,on-chain,2163032,on-chain
091d721d-a27e-4505-b426-c740eabe6c57,A-arb-sepolia,A,arbitrum-nitro,arb-sepolia,testnet,normal,eth_transfer,success,0,,0x593483F19Bd38Adb051afB90A79cce45C21dA6A5,,100000,0,2026-09-09T14:00:51.499Z,,,0x0e229c378311d86fb07efce3b10f8d71f9dec1b60c8be24e14238e65f785c5fe,02feaa6171ca82c657406fe6329435419d47b126,0.1.0,,1788962451,wall,observed,0,,1788962451,wall,observed,0,,,,,,,,,,,,,,,,,,,,,307092975,1788962452,l2_block,observed,0,307092975,1788962452,l2_block,observed,0,,,,,,,,,,,,,,,1,1,0.25,1,,,5490673566000,,301,5490673566000,,5490673566000,0,,,,21301,,,7200,on-chain,86400,on-chain,64,on-chain,768,on-chain,,,86400,on-chain,2163032,on-chain
812096ed-31fa-4748-9b7c-82fa7245d7c6,A-arb-sepolia,A,arbitrum-nitro,arb-sepolia,testnet,normal,eth_transfer,success,0,,0x593483F19Bd38Adb051afB90A79cce45C21dA6A5,,100000,0,2026-09-09T14:00:10.882Z,,,0x0894f1ca6ad559b273ac3aeefc9b869489171648ef4d95bb91d88dd141c11c31,02feaa6171ca82c657406fe6329435419d47b126,0.1.0,,1788962410,wall,observed,0,,1788962410,wall,observed,0,,,,,,,,,,,,,,,,,,,,,307092814,1788962411,l2_block,observed,0,307092814,1788962411,l2_block,observed,0,,,,,,,,,,,,,,,1,1,0.25,1,,,5554981698000,,297,5554981698000,,5554981698000,0,,,,21297,,,7200,on-chain,86400,on-chain,64,on-chain,768,on-chain,,,86400,on-chain,2163032,on-chain
a5d332e1-e3d2-442b-ad98-14b4cdcbedda,A-arb-sepolia,A,arbitrum-nitro,arb-sepolia,testnet,normal,eth_transfer,success,0,,0x593483F19Bd38Adb051afB90A79cce45C21dA6A5,,100000,0,2026-09-09T14:00:53.768Z,,,0x855debbd958237d92fe1b05b54ebb54bbb69c648fe5f0de9adf6ec82e2c1c37e,02feaa6171ca82c657406fe6329435419d47b126,0.1.0,,1788962453,wall,observed,0,,1788962453,wall,observed,0,,,,,,,,,,,,,,,,,,,,,307092983,1788962454,l2_block,observed,0,307092983,1788962454,l2_block,observed,0,,,,,,,,,,,,,,,1,1,0.25,1,,,5490673566000,,301,5490673566000,,5490673566000,0,,,,21301,,,7200,on-chain,86400,on-chain,64,on-chain,768,on-chain,,,86400,on-chain,2163032,on-chain
88c7fa9e-6c18-4a11-81b7-58176d6d56b8,A-arb-sepolia,A,arbitrum-nitro,arb-sepolia,testnet,normal,eth_transfer,success,0,,0x593483F19Bd38Adb051afB90A79cce45C21dA6A5,,100000,0,2026-09-09T14:00:55.790Z,,,0x789e4a4b5bc5a811dcd26863d92ea5afa26bef1b579584cfa1eab6339bd4fd1d,02feaa6171ca82c657406fe6329435419d47b126,0.1.0,,1788962455,wall,observed,0,,1788962455,wall,observed,0,,,,,,,,,,,,,,,,,,,,,307092991,1788962456,l2_block,observed,0,307092991,1788962456,l2_block,observed,0,,,,,,,,,,,,,,,1,1,0.25,1,,,5490673566000,,301,5490673566000,,5490673566000,0,,,,21301,,,7200,on-chain,86400,on-chain,64,on-chain,768,on-chain,,,86400,on-chain,2163032,on-chain
8f6e0eae-12f3-448b-b15a-9c4fad28565d,A-arb-sepolia,A,arbitrum-nitro,arb-sepolia,testnet,normal,eth_transfer,success,0,,0x593483F19Bd38Adb051afB90A79cce45C21dA6A5,,100000,0,2026-09-09T14:00:57.735Z,,,0x68bd418e3b03209fa157601dfdda9b7f3f3ccb99f529717d938d2bd88fb021c5,02feaa6171ca82c657406fe6329435419d47b126,0.1.0,,1788962457,wall,observed,0,,1788962457,wall,observed,0,,,,,,,,,,,,,,,,,,,,,307092999,1788962458,l2_block,observed,0,307092999,1788962458,l2_block,observed,0,,,,,,,,,,,,,,,1,1,0.25,1,,,5490673566000,,301,5490673566000,,5490673566000,0,,,,21301,,,7200,on-chain,86400,on-chain,64,on-chain,768,on-chain,,,86400,on-chain,2163032,on-chain
bd7153d0-86b6-421e-9165-f43ff499b5eb,A-arb-sepolia,A,arbitrum-nitro,arb-sepolia,testnet,normal,eth_transfer,success,0,,0x593483F19Bd38Adb051afB90A79cce45C21dA6A5,,100000,0,2026-09-09T14:00:59.773Z,,,0x10d1a89a05e7e87e1af4b27b13d4c0d49bf69a54481149c42090623a12520d05,02feaa6171ca82c657406fe6329435419d47b126,0.1.0,,1788962459,wall,observed,0,,1788962459,wall,observed,0,,,,,,,,,,,,,,,,,,,,,307093007,1788962460,l2_block,observed,0,307093007,1788962460,l2_block,observed,0,,,,,,,,,,,,,,,1,1,0.25,1,,,5490673566000,,301,5490673566000,,5490673566000,0,,,,21301,,,7200,on-chain,86400,on-chain,64,on-chain,768,on-chain,,,86400,on-chain,2163032,on-chain
462f595a-8959-483f-b610-f90e38ddb480,A-arb-sepolia,A,arbitrum-nitro,arb-sepolia,testnet,normal,eth_transfer,success,0,,0x593483F19Bd38Adb051afB90A79cce45C21dA6A5,,100000,0,2026-09-09T14:01:01.791Z,,,0x7b60996767ee7e5c8a4ba1fab717837737c7013d71c48c1e16c2242af8230bf8,02feaa6171ca82c657406fe6329435419d47b126,0.1.0,,1788962461,wall,observed,0,,1788962461,wall,observed,0,,,,,,,,,,,,,,,,,,,,,307093015,1788962462,l2_block,observed,0,307093015,1788962462,l2_block,observed,0,,,,,,,,,,,,,,,1,1,0.25,1,,,5490673566000,,301,5490673566000,,5490673566000,0,,,,21301,,,7200,on-chain,86400,on-chain,64,on-chain,768,on-chain,,,86400,on-chain,2163032,on-chain
d38881b1-1ab3-4208-916d-a32c49862a7a,A-arb-sepolia,A,arbitrum-nitro,arb-sepolia,testnet,normal,eth_transfer,success,0,,0x593483F19Bd38Adb051afB90A79cce45C21dA6A5,,100000,0,2026-09-09T14:00:13.784Z,,,0xb09c0127f920676965567ce260cfdfbbc07dc7cbe7b411b4e4d47a8d964da4f6,02feaa6171ca82c657406fe6329435419d47b126,0.1.0,,1788962413,wall,observed,0,,1788962413,wall,observed,0,,,,,,,,,,,,,,,,,,,,,307092826,1788962414,l2_block,observed,0,307092826,1788962414,l2_block,observed,0,,,,,,,,,,,,,,,1,1,0.25,1,,,5553197924000,,298,5553197924000,,5553197924000,0,,,,21298,,,7200,on-chain,86400,on-chain,64,on-chain,768,on-chain,,,86400,on-chain,2163032,on-chain
984f60f1-b14e-40aa-80f1-94d9625d474b,A-arb-sepolia,A,arbitrum-nitro,arb-sepolia,testnet,normal,eth_transfer,success,0,,0x593483F19Bd38Adb051afB90A79cce45C21dA6A5,,100000,0,2026-09-09T14:00:16.799Z,,,0x9f5e16097b9bd5bc28d0348682f442b2c96291f2d2559cc8b70a1e2b274269ef,02feaa6171ca82c657406fe6329435419d47b126,0.1.0,,1788962416,wall,observed,0,,1788962416,wall,observed,0,,,,,,,,,,,,,,,,,,,,,307092838,1788962417,l2_block,observed,0,307092838,1788962417,l2_block,observed,0,,,,,,,,,,,,,,,1,1,0.25,1,,,5524832806000,,299,5524832806000,,5524832806000,0,,,,21299,,,7200,on-chain,86400,on-chain,64,on-chain,768,on-chain,,,86400,on-chain,2163032,on-chain
06ae4f30-427f-4aa5-b236-cb0c20cf1994,A-arb-sepolia,A,arbitrum-nitro,arb-sepolia,testnet,normal,eth_transfer,success,0,,0x593483F19Bd38Adb051afB90A79cce45C21dA6A5,,100000,0,2026-09-09T14:00:19.725Z,,,0x6d0c4a8c17b9fdfedd8d13a03d94cfa1229fc1e3af27e42c2f58d65fc8061fc9,02feaa6171ca82c657406fe6329435419d47b126,0.1.0,,1788962419,wall,observed,0,,1788962419,wall,observed,0,,,,,,,,,,,,,,,,,,,,,307092848,1788962420,l2_block,observed,0,307092848,1788962420,l2_block,observed,0,,,,,,,,,,,,,,,1,1,0.25,1,,,5567802492000,,297,5567802492000,,5567802492000,0,,,,21297,,,7200,on-chain,86400,on-chain,64,on-chain,768,on-chain,,,86400,on-chain,2163032,on-chain
3c9fc540-9837-4705-9b03-b4a39e00ddd8,A-arb-sepolia,A,arbitrum-nitro,arb-sepolia,testnet,normal,eth_transfer,success,0,,0x593483F19Bd38Adb051afB90A79cce45C21dA6A5,,100000,0,2026-09-09T14:00:21.917Z,,,0x870bfc463d39ccc294f3f2669933da7ee5a02de88b6e18ca2f228fe69799880f,02feaa6171ca82c657406fe6329435419d47b126,0.1.0,,1788962421,wall,observed,0,,1788962421,wall,observed,0,,,,,,,,,,,,,,,,,,,,,307092857,1788962422,l2_block,observed,0,307092857,1788962422,l2_block,observed,0,,,,,,,,,,,,,,,1,1,0.25,1,,,5603566300000,,295,5603566300000,,5603566300000,0,,,,21295,,,7200,on-chain,86400,on-chain,64,on-chain,768,on-chain,,,86400,on-chain,2163032,on-chain
e9bd9452-5ba4-47f6-8726-196998eb523e,A-arb-sepolia,A,arbitrum-nitro,arb-sepolia,testnet,normal,eth_transfer,success,0,,0x593483F19Bd38Adb051afB90A79cce45C21dA6A5,,100000,0,2026-09-09T14:00:24.312Z,,,0x506444c03f1a13324597e73408af3f56434f37a58ec85850e4e6ecaeaf0a440c,02feaa6171ca82c657406fe6329435419d47b126,0.1.0,,1788962424,wall,observed,0,,1788962424,wall,observed,0,,,,,,,,,,,,,,,,,,,,,307092866,1788962425,l2_block,observed,0,307092866,1788962425,l2_block,observed,0,,,,,,,,,,,,,,,1,1,0.25,1,,,5566311702000,,297,5566311702000,,5566311702000,0,,,,21297,,,7200,on-chain,86400,on-chain,64,on-chain,768,on-chain,,,86400,on-chain,2163032,on-chain
d6c92508-caec-4a09-b26b-ee76b00a08ba,A-arb-sepolia,A,arbitrum-nitro,arb-sepolia,testnet,normal,eth_transfer,success,0,,0x593483F19Bd38Adb051afB90A79cce45C21dA6A5,,100000,0,2026-09-09T14:00:26.481Z,,,0x91d82e5b7ec4a232d08eb2986d1c1cbe482a21a49ed75c5932d7d48088e1b492,02feaa6171ca82c657406fe6329435419d47b126,0.1.0,,1788962426,wall,observed,0,,1788962426,wall,observed,0,,,,,,,,,,,,,,,,,,,,,307092875,1788962427,l2_block,observed,0,307092875,1788962427,l2_block,observed,0,,,,,,,,,,,,,,,1,1,0.25,1,,,5490673566000,,301,5490673566000,,5490673566000,0,,,,21301,,,7200,on-chain,86400,on-chain,64,on-chain,768,on-chain,,,86400,on-chain,2163032,on-chain
5d4f7d37-70c5-41fa-afa9-3917dcfcad47,A-arb-sepolia,A,arbitrum-nitro,arb-sepolia,testnet,normal,eth_transfer,success,0,,0x593483F19Bd38Adb051afB90A79cce45C21dA6A5,,100000,0,2026-09-09T14:00:28.642Z,,,0xbec0f30d1f7b4a9c2883837e3e127775ab6e9faa8cc63270025386c733bdeec9,02feaa6171ca82c657406fe6329435419d47b126,0.1.0,,1788962428,wall,observed,0,,1788962428,wall,observed,0,,,,,,,,,,,,,,,,,,,,,307092883,1788962429,l2_block,observed,0,307092883,1788962429,l2_block,observed,0,,,,,,,,,,,,,,,1,1,0.25,1,,,5490673566000,,301,5490673566000,,5490673566000,0,,,,21301,,,7200,on-chain,86400,on-chain,64,on-chain,768,on-chain,,,86400,on-chain,2163032,on-chain
40a7ee30-28db-48fe-8acf-6131720f275d,A-arb-sepolia,A,arbitrum-nitro,arb-sepolia,testnet,normal,eth_transfer,success,0,,0x593483F19Bd38Adb051afB90A79cce45C21dA6A5,,100000,0,2026-09-09T14:00:30.684Z,,,0xc6bdcf1fe2b3aaacfe0378f64ce8d93463e6aa17e91757f422a3151420f11dba,02feaa6171ca82c657406fe6329435419d47b126,0.1.0,,1788962430,wall,observed,0,,1788962430,wall,observed,0,,,,,,,,,,,,,,,,,,,,,307092891,1788962431,l2_block,observed,0,307092891,1788962431,l2_block,observed,0,,,,,,,,,,,,,,,1,1,0.25,1,,,5490673566000,,301,5490673566000,,5490673566000,0,,,,21301,,,7200,on-chain,86400,on-chain,64,on-chain,768,on-chain,,,86400,on-chain,2163032,on-chain
c8431785-924c-4da8-a748-59347fe3578e,A-op-sepolia,A,op-stack,op-sepolia,testnet,normal,eth_transfer,success,0,,0x593483F19Bd38Adb051afB90A79cce45C21dA6A5,,100000,0,2026-09-08T19:31:51.528Z,,,0xd7d775d36731caed8757908098b3384387b8a72241d4af4b6e408644b6ef114b,42086d5e0435324c2c5533531fdfccdf8f2d116a,0.1.0,,1788895911,wall,observed,0,,1788895911,wall,observed,0,,,,,,,,,,,,,,,,,,,,,48546687,1788895914,l2_block,observed,0,48546687,1788895914,l2_block,observed,0,,,,,,,,,,,,,,,3,1,2,1,,,21005250000,17292860331,,38298110331,,38298110331,0,,,,21000,,,,,,,,,,,5.6.1,on-chain,43200,rollup-config,,
c27d66ca-c885-4eb2-8a28-8c967f818697,A-op-sepolia,A,op-stack,op-sepolia,testnet,normal,eth_transfer,success,0,,0x593483F19Bd38Adb051afB90A79cce45C21dA6A5,,100000,0,2026-09-09T06:18:56.003Z,,,0x5021b63fff27251616aa24e1cfd5ce6c046e8d5ab46b1f95d787fb325646e82e,42086d5e0435324c2c5533531fdfccdf8f2d116a,0.1.0,,1788934736,wall,observed,0,,1788934736,wall,observed,0,,,,,,,,,,,,,,,,,,,,,48566099,1788934738,l2_block,observed,0,48566099,1788934738,l2_block,observed,0,,,,,,,,,,,,,,,2,1,2,1,,,21005250000,16930251342,,37935501342,,37935501342,0,,,,21000,,,,,,,,,,,5.6.1,on-chain,43200,rollup-config,,
b77ed1e4-e543-4120-a72e-09d146cfdf97,A-op-sepolia,A,op-stack,op-sepolia,testnet,normal,eth_transfer,success,0,,0x593483F19Bd38Adb051afB90A79cce45C21dA6A5,,100000,0,2026-09-09T06:18:59.941Z,,,0xb22639b7aa090415070ddb0146146c0343946f13a4a759f231b6f29296931e9e,42086d5e0435324c2c5533531fdfccdf8f2d116a,0.1.0,,1788934739,wall,observed,0,,1788934739,wall,observed,0,,,,,,,,,,,,,,,,,,,,,48566101,1788934742,l2_block,observed,0,48566101,1788934742,l2_block,observed,0,,,,,,,,,,,,,,,3,1,2,1,,,21005250000,16930251342,,37935501342,,37935501342,0,,,,21000,,,,,,,,,,,5.6.1,on-chain,43200,rollup-config,,
8844fd40-0de8-4f4d-80c9-ee52c839f570,A-op-sepolia,A,op-stack,op-sepolia,testnet,normal,eth_transfer,success,0,,0x593483F19Bd38Adb051afB90A79cce45C21dA6A5,,100000,0,2026-09-09T06:19:01.612Z,,,0xb6f03023e5accfc93ac3c10ecd4380f7fe67654d2ce088866339a2e5924b44ce,42086d5e0435324c2c5533531fdfccdf8f2d116a,0.1.0,,1788934741,wall,observed,0,,1788934741,wall,observed,0,,,,,,,,,,,,,,,,,,,,,48566102,1788934744,l2_block,observed,0,48566102,1788934744,l2_block,observed,0,,,,,,,,,,,,,,,3,1,2,1,,,21005250000,18550632609,,39555882609,,39555882609,0,,,,21000,,,,,,,,,,,5.6.1,on-chain,43200,rollup-config,,
50cd587f-2995-4a7c-8d48-21554dfb4c50,A-op-sepolia,A,op-stack,op-sepolia,testnet,normal,eth_transfer,success,0,,0x593483F19Bd38Adb051afB90A79cce45C21dA6A5,,100000,0,2026-09-09T06:19:05.809Z,,,0xcc80120a4764696fb2038c2283cb2455b298a8b9371c9b4fd1131a73e320f67d,42086d5e0435324c2c5533531fdfccdf8f2d116a,0.1.0,,1788934745,wall,observed,0,,1788934745,wall,observed,0,,,,,,,,,,,,,,,,,,,,,48566104,1788934748,l2_block,observed,0,48566104,1788934748,l2_block,observed,0,,,,,,,,,,,,,,,3,1,2,1,,,21005250000,18550632609,,39555882609,,39555882609,0,,,,21000,,,,,,,,,,,5.6.1,on-chain,43200,rollup-config,,
c1ec48e5-8a40-41b9-a11b-77cddd17f66d,A-op-sepolia,A,op-stack,op-sepolia,testnet,normal,eth_transfer,success,0,,0x593483F19Bd38Adb051afB90A79cce45C21dA6A5,,100000,0,2026-09-09T06:19:07.581Z,,,0x4ab82558f17ef28363e524c76fcfbf273b0de0eda5107d10afbc724affeab3a2,42086d5e0435324c2c5533531fdfccdf8f2d116a,0.1.0,,1788934747,wall,observed,0,,1788934747,wall,observed,0,,,,,,,,,,,,,,,,,,,,,48566105,1788934750,l2_block,observed,0,48566105,1788934750,l2_block,observed,0,,,,,,,,,,,,,,,3,1,2,1,,,21005250000,18550632609,,39555882609,,39555882609,0,,,,21000,,,,,,,,,,,5.6.1,on-chain,43200,rollup-config,,
52b2eeed-bada-438c-ad41-c0e747282ad7,A-op-sepolia,A,op-stack,op-sepolia,testnet,normal,eth_transfer,success,0,,0x593483F19Bd38Adb051afB90A79cce45C21dA6A5,,100000,0,2026-09-09T06:19:11.822Z,,,0x8c146a4d83fc3b2ef3320e4a8c1379433ae38eadb3157e68c8d3824e73c47afe,42086d5e0435324c2c5533531fdfccdf8f2d116a,0.1.0,,1788934751,wall,observed,0,,1788934751,wall,observed,0,,,,,,,,,,,,,,,,,,,,,48566107,1788934754,l2_block,observed,0,48566107,1788934754,l2_block,observed,0,,,,,,,,,,,,,,,3,1,2,1,,,21005250000,18550632609,,39555882609,,39555882609,0,,,,21000,,,,,,,,,,,5.6.1,on-chain,43200,rollup-config,,
f72372b2-c62e-440d-bcfe-ade172874824,A-op-sepolia,A,op-stack,op-sepolia,testnet,normal,eth_transfer,success,0,,0x593483F19Bd38Adb051afB90A79cce45C21dA6A5,,100000,0,2026-09-09T06:19:16.057Z,,,0x86aee33df5a79fd27ec26c0143746478e41b07c0de29fb24189b87f40dadb1bf,42086d5e0435324c2c5533531fdfccdf8f2d116a,0.1.0,,1788934756,wall,observed,0,,1788934756,wall,observed,0,,,,,,,,,,,,,,,,,,,,,48566109,1788934758,l2_block,observed,0,48566109,1788934758,l2_block,observed,0,,,,,,,,,,,,,,,2,1,2,1,,,21005250000,18365206130,,39370456130,,39370456130,0,,,,21000,,,,,,,,,,,5.6.1,on-chain,43200,rollup-config,,
ba0b22f6-722f-4ca1-aa16-3c9cf2d80519,A-op-sepolia,A,op-stack,op-sepolia,testnet,normal,eth_transfer,success,0,,0x593483F19Bd38Adb051afB90A79cce45C21dA6A5,,100000,0,2026-09-09T06:19:18.602Z,,,0x7cb4999eb7bdcc93861285a837f7d519ec483064143029f86dbc74b0375a672b,42086d5e0435324c2c5533531fdfccdf8f2d116a,0.1.0,,1788934758,wall,observed,0,,1788934758,wall,observed,0,,,,,,,,,,,,,,,,,,,,,48566111,1788934762,l2_block,observed,0,48566111,1788934762,l2_block,observed,0,,,,,,,,,,,,,,,4,1,2,1,,,21005250000,18365206130,,39370456130,,39370456130,0,,,,21000,,,,,,,,,,,5.6.1,on-chain,43200,rollup-config,,
d3e996ac-186c-4b7a-a772-367a2e28899a,A-op-sepolia,A,op-stack,op-sepolia,testnet,normal,eth_transfer,success,0,,0x593483F19Bd38Adb051afB90A79cce45C21dA6A5,,100000,0,2026-09-09T06:19:22.571Z,,,0xf6851814d8fcd2bd26e177ec22b1ec555e77190d9c965e241329b239bf6885b9,42086d5e0435324c2c5533531fdfccdf8f2d116a,0.1.0,,1788934762,wall,observed,0,,1788934762,wall,observed,0,,,,,,,,,,,,,,,,,,,,,48566113,1788934766,l2_block,observed,0,48566113,1788934766,l2_block,observed,0,,,,,,,,,,,,,,,4,1,2,1,,,21005250000,18365206130,,39370456130,,39370456130,0,,,,21000,,,,,,,,,,,5.6.1,on-chain,43200,rollup-config,,
e0200a4e-1e72-4f44-bf22-91ae32c368d0,A-op-sepolia,A,op-stack,op-sepolia,testnet,normal,eth_transfer,success,0,,0x593483F19Bd38Adb051afB90A79cce45C21dA6A5,,100000,0,2026-09-09T06:19:26.493Z,,,0xabc23af449184c89588b6631d516e6f40ec0e091470491e4e0d26df3b5340fc8,42086d5e0435324c2c5533531fdfccdf8f2d116a,0.1.0,,1788934766,wall,observed,0,,1788934766,wall,observed,0,,,,,,,,,,,,,,,,,,,,,48566115,1788934770,l2_block,observed,0,48566115,1788934770,l2_block,observed,0,,,,,,,,,,,,,,,4,1,2,1,,,21005250000,18000936877,,39006186877,,39006186877,0,,,,21000,,,,,,,,,,,5.6.1,on-chain,43200,rollup-config,,
59d933f5-d227-469f-b2e7-9a153217a8b4,A-op-sepolia,A,op-stack,op-sepolia,testnet,normal,eth_transfer,success,0,,0x593483F19Bd38Adb051afB90A79cce45C21dA6A5,,100000,0,2026-09-09T06:18:22.681Z,,,0x1ef3778509d5e60394e939bb4f56cbf2c5a09b52bfedc2770fed5b946d2d674e,42086d5e0435324c2c5533531fdfccdf8f2d116a,0.1.0,,1788934702,wall,observed,0,,1788934702,wall,observed,0,,,,,,,,,,,,,,,,,,,,,48566083,1788934706,l2_block,observed,0,48566083,1788934706,l2_block,observed,0,,,,,,,,,,,,,,,4,1,2,1,,,21005250000,16859464257,,37864714257,,37864714257,0,,,,21000,,,,,,,,,,,5.6.1,on-chain,43200,rollup-config,,
75d3e6a3-93ff-4948-b6ac-b050caa719f6,A-op-sepolia,A,op-stack,op-sepolia,testnet,normal,eth_transfer,success,0,,0x593483F19Bd38Adb051afB90A79cce45C21dA6A5,,100000,0,2026-09-09T06:19:30.873Z,,,0x85b12c0a240cc0b7be4e55cef9b8c09ab57edf30cdade37f80fae05659e1bc96,42086d5e0435324c2c5533531fdfccdf8f2d116a,0.1.0,,1788934770,wall,observed,0,,1788934770,wall,observed,0,,,,,,,,,,,,,,,,,,,,,48566117,1788934774,l2_block,observed,0,48566117,1788934774,l2_block,observed,0,,,,,,,,,,,,,,,4,1,2,1,,,21005250000,18000936877,,39006186877,,39006186877,0,,,,21000,,,,,,,,,,,5.6.1,on-chain,43200,rollup-config,,
f7348501-5324-4fec-8f5d-8dfda18d009d,A-op-sepolia,A,op-stack,op-sepolia,testnet,normal,eth_transfer,success,0,,0x593483F19Bd38Adb051afB90A79cce45C21dA6A5,,100000,0,2026-09-09T06:19:35.083Z,,,0x71fedc5366445c002e5d4e6db12e17d57b3f5def7af8eb388880b7b9a487f4db,42086d5e0435324c2c5533531fdfccdf8f2d116a,0.1.0,,1788934775,wall,observed,0,,1788934775,wall,observed,0,,,,,,,,,,,,,,,,,,,,,48566119,1788934778,l2_block,observed,0,48566119,1788934778,l2_block,observed,0,,,,,,,,,,,,,,,3,1,2,1,,,21005250000,18000936877,,39006186877,,39006186877,0,,,,21000,,,,,,,,,,,5.6.1,on-chain,43200,rollup-config,,
5aa06986-614f-4775-a5ab-d448ff338243,A-op-sepolia,A,op-stack,op-sepolia,testnet,normal,eth_transfer,success,0,,0x593483F19Bd38Adb051afB90A79cce45C21dA6A5,,100000,0,2026-09-09T06:19:39.731Z,,,0xc3c2b57d13682130ae87abb347a97ee36a0cfc852268b5f21db91acc42c1f2bf,42086d5e0435324c2c5533531fdfccdf8f2d116a,0.1.0,,1788934779,wall,observed,0,,1788934779,wall,observed,0,,,,,,,,,,,,,,,,,,,,,48566121,1788934782,l2_block,observed,0,48566121,1788934782,l2_block,observed,0,,,,,,,,,,,,,,,3,1,2,1,,,21005250000,18335340879,,39340590879,,39340590879,0,,,,21000,,,,,,,,,,,5.6.1,on-chain,43200,rollup-config,,
d7d027a1-3bf3-4086-95f9-727b03c110da,A-op-sepolia,A,op-stack,op-sepolia,testnet,normal,eth_transfer,success,0,,0x593483F19Bd38Adb051afB90A79cce45C21dA6A5,,100000,0,2026-09-09T06:19:44.023Z,,,0xbdccfe2ac48c1fbc92cfcadbd8fc32d710257ae5e6b339858944b94424013405,42086d5e0435324c2c5533531fdfccdf8f2d116a,0.1.0,,1788934784,wall,observed,0,,1788934784,wall,observed,0,,,,,,,,,,,,,,,,,,,,,48566123,1788934786,l2_block,observed,0,48566123,1788934786,l2_block,observed,0,,,,,,,,,,,,,,,2,1,2,1,,,21005250000,18335340879,,39340590879,,39340590879,0,,,,21000,,,,,,,,,,,5.6.1,on-chain,43200,rollup-config,,
8c2aa306-ac10-4441-bc7c-f2c201b781e8,A-op-sepolia,A,op-stack,op-sepolia,testnet,normal,eth_transfer,success,0,,0x593483F19Bd38Adb051afB90A79cce45C21dA6A5,,100000,0,2026-09-09T06:19:45.684Z,,,0x36671aea4dd735bda59e8dc01d54a40ba4a23d46587b610b79599a5ca93d6b30,42086d5e0435324c2c5533531fdfccdf8f2d116a,0.1.0,,1788934785,wall,observed,0,,1788934785,wall,observed,0,,,,,,,,,,,,,,,,,,,,,48566124,1788934788,l2_block,observed,0,48566124,1788934788,l2_block,observed,0,,,,,,,,,,,,,,,3,1,2,1,,,21005250000,18335340879,,39340590879,,39340590879,0,,,,21000,,,,,,,,,,,5.6.1,on-chain,43200,rollup-config,,
bce09f00-ee94-45a4-a52d-5c4bc229a12d,A-op-sepolia,A,op-stack,op-sepolia,testnet,normal,eth_transfer,success,0,,0x593483F19Bd38Adb051afB90A79cce45C21dA6A5,,100000,0,2026-09-09T06:18:28.238Z,,,0xb4ce39f1d6b6c48cc1b6a9578a5abfeda30bd28b7e8dc1e48ea25baff5debdda,42086d5e0435324c2c5533531fdfccdf8f2d116a,0.1.0,,1788934708,wall,observed,0,,1788934708,wall,observed,0,,,,,,,,,,,,,,,,,,,,,48566086,1788934712,l2_block,observed,0,48566086,1788934712,l2_block,observed,0,,,,,,,,,,,,,,,4,1,2,1,,,21005250000,16859464257,,37864714257,,37864714257,0,,,,21000,,,,,,,,,,,5.6.1,on-chain,43200,rollup-config,,
19c703da-72f6-4193-9e33-b618f16c3961,A-op-sepolia,A,op-stack,op-sepolia,testnet,normal,eth_transfer,success,0,,0x593483F19Bd38Adb051afB90A79cce45C21dA6A5,,100000,0,2026-09-09T06:18:33.428Z,,,0x7477ec9d7b35d82402b4d3749f82ec32fd8851bd46c8f0b0dcefb97bdf6af5f1,42086d5e0435324c2c5533531fdfccdf8f2d116a,0.1.0,,1788934713,wall,observed,0,,1788934713,wall,observed,0,,,,,,,,,,,,,,,,,,,,,48566088,1788934716,l2_block,observed,0,48566088,1788934716,l2_block,observed,0,,,,,,,,,,,,,,,3,1,2,1,,,21005250000,16859464257,,37864714257,,37864714257,0,,,,21000,,,,,,,,,,,5.6.1,on-chain,43200,rollup-config,,
afc13a08-99f7-488e-b658-d7ba1be41e54,A-op-sepolia,A,op-stack,op-sepolia,testnet,normal,eth_transfer,success,0,,0x593483F19Bd38Adb051afB90A79cce45C21dA6A5,,100000,0,2026-09-09T06:18:37.630Z,,,0x4ca32116f338fb73da1dba7f9ebe7864b509c28d9bc1d703914dcb09d067e2f7,42086d5e0435324c2c5533531fdfccdf8f2d116a,0.1.0,,1788934717,wall,observed,0,,1788934717,wall,observed,0,,,,,,,,,,,,,,,,,,,,,48566090,1788934720,l2_block,observed,0,48566090,1788934720,l2_block,observed,0,,,,,,,,,,,,,,,3,1,2,1,,,21005250000,17649193295,,38654443295,,38654443295,0,,,,21000,,,,,,,,,,,5.6.1,on-chain,43200,rollup-config,,
4337ba93-e576-4c70-91eb-858b48d6a1b0,A-op-sepolia,A,op-stack,op-sepolia,testnet,normal,eth_transfer,success,0,,0x593483F19Bd38Adb051afB90A79cce45C21dA6A5,,100000,0,2026-09-09T06:18:42.161Z,,,0x36039ffc1f53159ee3e98ced12bfa7b20fd131313eac3eb1889d08aaf4c84c58,42086d5e0435324c2c5533531fdfccdf8f2d116a,0.1.0,,1788934722,wall,observed,0,,1788934722,wall,observed,0,,,,,,,,,,,,,,,,,,,,,48566092,1788934724,l2_block,observed,0,48566092,1788934724,l2_block,observed,0,,,,,,,,,,,,,,,2,1,2,1,,,21005250000,17649193295,,38654443295,,38654443295,0,,,,21000,,,,,,,,,,,5.6.1,on-chain,43200,rollup-config,,
31b564a9-454c-4d9c-bcfd-80a313eeeb87,A-op-sepolia,A,op-stack,op-sepolia,testnet,normal,eth_transfer,success,0,,0x593483F19Bd38Adb051afB90A79cce45C21dA6A5,,100000,0,2026-09-09T06:18:43.871Z,,,0xa4c7a53d2df4fb45072a7c64f352deebeafc8e80600b16c893cbddc1970f4322,42086d5e0435324c2c5533531fdfccdf8f2d116a,0.1.0,,1788934723,wall,observed,0,,1788934723,wall,observed,0,,,,,,,,,,,,,,,,,,,,,48566093,1788934726,l2_block,observed,0,48566093,1788934726,l2_block,observed,0,,,,,,,,,,,,,,,3,1,2,1,,,21005250000,17649193295,,38654443295,,38654443295,0,,,,21000,,,,,,,,,,,5.6.1,on-chain,43200,rollup-config,,
dc70b3cf-3319-4f2d-b539-697f68a99c0d,A-op-sepolia,A,op-stack,op-sepolia,testnet,normal,eth_transfer,success,0,,0x593483F19Bd38Adb051afB90A79cce45C21dA6A5,,100000,0,2026-09-09T06:18:45.870Z,,,0x5c3558fddd1c1a1dea2153cc97d011ff05a6ed42f7dda933a37a3fa9b31dc61d,42086d5e0435324c2c5533531fdfccdf8f2d116a,0.1.0,,1788934725,wall,observed,0,,1788934725,wall,observed,0,,,,,,,,,,,,,,,,,,,,,48566094,1788934728,l2_block,observed,0,48566094,1788934728,l2_block,observed,0,,,,,,,,,,,,,,,3,1,2,1,,,21005250000,17649193295,,38654443295,,38654443295,0,,,,21000,,,,,,,,,,,5.6.1,on-chain,43200,rollup-config,,
dc6c83c3-4eea-4d91-bc79-db44ccf3e14f,A-op-sepolia,A,op-stack,op-sepolia,testnet,normal,eth_transfer,success,0,,0x593483F19Bd38Adb051afB90A79cce45C21dA6A5,,100000,0,2026-09-09T06:18:50.080Z,,,0xd4e99e421791f1e7990b5f5111dde9ff1eacff1085787b1a552eb100d6130676,42086d5e0435324c2c5533531fdfccdf8f2d116a,0.1.0,,1788934730,wall,observed,0,,1788934730,wall,observed,0,,,,,,,,,,,,,,,,,,,,,48566096,1788934732,l2_block,observed,0,48566096,1788934732,l2_block,observed,0,,,,,,,,,,,,,,,2,1,2,1,,,21005250000,16930251342,,37935501342,,37935501342,0,,,,21000,,,,,,,,,,,5.6.1,on-chain,43200,rollup-config,,
fbcf32f2-6a83-4ab4-9344-b7ee195af28a,A-op-sepolia,A,op-stack,op-sepolia,testnet,normal,eth_transfer,success,0,,0x593483F19Bd38Adb051afB90A79cce45C21dA6A5,,100000,0,2026-09-09T06:18:51.810Z,,,0xbb885302fd216b47057735346789a057b7c23ee904be6086f36d5baa777b971b,42086d5e0435324c2c5533531fdfccdf8f2d116a,0.1.0,,1788934731,wall,observed,0,,1788934731,wall,observed,0,,,,,,,,,,,,,,,,,,,,,48566097,1788934734,l2_block,observed,0,48566097,1788934734,l2_block,observed,0,,,,,,,,,,,,,,,3,1,2,1,,,21005250000,16930251342,,37935501342,,37935501342,0,,,,21000,,,,,,,,,,,5.6.1,on-chain,43200,rollup-config,,
b4bfdae7-7710-4a57-8061-e2c4e262fdb1,B-arb-sepolia,B,arbitrum-nitro,arb-sepolia,testnet,forced,eth_transfer,success,0,,0x593483F19Bd38Adb051afB90A79cce45C21dA6A5,,100000,0,2026-09-09T05:33:56.903Z,0xf37ee5879510880e3c0daf4d856b750acdef9ec809267f2336a853016fc6388b,,0xa3cdd7ecd7c748df8765e908a0bf058d4b238396edd9ca5f86f189f9d3f49ce3,02feaa6171ca82c657406fe6329435419d47b126,0.1.0,,1788932037,wall,observed,0,,1788932037,wall,observed,0,11665943,1788932052,l1_block,observed,0,11665943,1788932052,l1_block,observed,0,11673143,1789018452,l1_block,inferred,0,,,,,,306972811,1788932463,l2_block,observed,0,306972811,1788932463,l2_block,observed,0,11665943,1788932052,l1_block,observed,1,15,1,12,411,1,12,426,1,0.25,,,,1,94407559980912,,5354244000000,,0,99761803980912,,99761803980912,1,auto,87536,1078499817,21000,,1077499817,7200,on-chain,86400,on-chain,64,on-chain,768,on-chain,,,86400,on-chain,2163032,on-chain
5da23cf8-659f-4081-ab51-2a235640238e,B-arb-sepolia,B,arbitrum-nitro,arb-sepolia,testnet,forced,eth_transfer,success,0,,0x593483F19Bd38Adb051afB90A79cce45C21dA6A5,,100000,0,2026-09-09T18:16:02.973Z,0x6a26be7d8f7c24324e5e687872d57617c30fbb328bc1477bdf0589fa44d904d9,,0x4495ad075ee1cc00a9b9f074ad2318cd661163fa09948e977c077c00b4d3a736,02feaa6171ca82c657406fe6329435419d47b126,0.1.0,,1788977763,wall,observed,0,,1788977763,wall,observed,0,11669636,1788977772,l1_block,observed,0,11669636,1788977772,l1_block,observed,0,11676836,1789064172,l1_block,inferred,0,,,,,,307157414,1788978535,l2_block,observed,0,307157414,1788978535,l2_block,observed,0,11669636,1788977772,l1_block,observed,1,9,1,12,763,1,12,772,1,0.25,,,,1,101541254015656,,5541396000000,,0,107082650015656,,107082650015656,1,auto,87548,1159835222,21000,,1158835222,7200,on-chain,86400,on-chain,64,on-chain,768,on-chain,,,86400,on-chain,2163032,on-chain
a92f39ae-8b40-41a4-91b7-49f02e420a97,B-arb-sepolia,B,arbitrum-nitro,arb-sepolia,testnet,forced,eth_transfer,success,0,,0x593483F19Bd38Adb051afB90A79cce45C21dA6A5,,100000,0,2026-09-09T18:35:14.638Z,0x612ad29e6ec0668c185fec738e82888daf7d600563b1b26b6cc0a36b5b0df27b,,0xd85b08829c3118e6a79d74a4c4340a09d3a3921a5375668a0cf506f529c50086,02feaa6171ca82c657406fe6329435419d47b126,0.1.0,,1788978915,wall,observed,0,,1788978915,wall,observed,0,11669732,1788978924,l1_block,observed,0,11669732,1788978924,l1_block,observed,0,11676932,1789065324,l1_block,inferred,0,,,,,,307162041,1788979690,l2_block,observed,0,307162041,1788979690,l2_block,observed,0,11669732,1788978924,l1_block,observed,1,9,1,12,766,1,12,775,1,0.25,,,,1,88533006225016,,5562018000000,,0,94095024225016,,94095024225016,1,auto,87548,1011251042,21000,,1010251042,7200,on-chain,86400,on-chain,64,on-chain,768,on-chain,,,86400,on-chain,2163032,on-chain
f3648e93-79bc-4e26-bb98-3af0779b6de8,B-arb-sepolia,B,arbitrum-nitro,arb-sepolia,testnet,forced,eth_transfer,success,0,,0x593483F19Bd38Adb051afB90A79cce45C21dA6A5,,100000,0,2026-09-09T18:54:29.207Z,0xe29776a26829977643da90c2ab72e49845aadf70ee4a3ab21911f6eaa29f68ce,,0x4546e16627bb94ca45c0895a4950393159b7f7c2846294f0009a87ebd2d80916,02feaa6171ca82c657406fe6329435419d47b126,0.1.0,,1788980069,wall,observed,0,,1788980069,wall,observed,0,11669827,1788980076,l1_block,observed,0,11669827,1788980076,l1_block,observed,0,11677027,1789066476,l1_block,inferred,0,,,,,,307166729,1788980861,l2_block,observed,0,307166729,1788980861,l2_block,observed,0,11669827,1788980076,l1_block,observed,1,7,1,12,785,1,12,792,1,0.25,,,,1,92572527588572,,5440932000000,,0,98013459588572,,98013459588572,1,auto,87548,1057391689,21000,,1056391689,7200,on-chain,86400,on-chain,64,on-chain,768,on-chain,,,86400,on-chain,2163032,on-chain
c926815c-3c9f-4ec8-9bbc-142a5fd72c11,B-arb-sepolia,B,arbitrum-nitro,arb-sepolia,testnet,forced,eth_transfer,success,0,,0x593483F19Bd38Adb051afB90A79cce45C21dA6A5,,100000,0,2026-09-09T19:13:39.493Z,0x3bcd27b462c37e3f5c09505e52117da6fadc3c0452767bcf8bf704cac266d8bc,,0xf377e2e1d42024641b232989a33231e6179c4d565c53f9c8d03c8114ec07efc2,02feaa6171ca82c657406fe6329435419d47b126,0.1.0,,1788981220,wall,observed,0,,1788981220,wall,observed,0,11669920,1788981228,l1_block,observed,0,11669920,1788981228,l1_block,observed,0,11677120,1789067628,l1_block,inferred,0,,,,,,307171296,1788982001,l2_block,observed,0,307171296,1788982001,l2_block,observed,0,11669920,1788981228,l1_block,observed,1,8,1,12,773,1,12,781,1,0.25,,,,1,103931483120652,,5437698000000,,0,109369181120652,,109369181120652,1,auto,87548,1187137149,21000,,1186137149,7200,on-chain,86400,on-chain,64,on-chain,768,on-chain,,,86400,on-chain,2163032,on-chain
cab22374-137e-4dee-8414-e8385faad6d8,B-arb-sepolia,B,arbitrum-nitro,arb-sepolia,testnet,forced,eth_transfer,success,0,,0x593483F19Bd38Adb051afB90A79cce45C21dA6A5,,100000,0,2026-09-09T19:32:51.491Z,0x697faf2f3850bc380c29d910867ca085807157a6b85fcbb5235bd3f69063adb5,,0xd75b02c39fc8c8bf528a2269743137896330e4a62d24f84a6c9e45622e5cba37,02feaa6171ca82c657406fe6329435419d47b126,0.1.0,,1788982372,wall,observed,0,,1788982372,wall,observed,0,11670016,1788982380,l1_block,observed,0,11670016,1788982380,l1_block,observed,0,11677216,1789068780,l1_block,inferred,0,,,,,,307175924,1788983156,l2_block,observed,0,307175924,1788983156,l2_block,observed,0,11670016,1788982380,l1_block,observed,1,8,1,12,776,1,12,784,1,0.25,,,,1,116997972305840,,5439966000000,,0,122437938305840,,122437938305840,1,auto,87548,1336386580,21000,,1335386580,7200,on-chain,86400,on-chain,64,on-chain,768,on-chain,,,86400,on-chain,2163032,on-chain
0ed0cb10-66af-4933-b020-821bff999778,B-arb-sepolia,B,arbitrum-nitro,arb-sepolia,testnet,forced,eth_transfer,success,0,,0x593483F19Bd38Adb051afB90A79cce45C21dA6A5,,100000,0,2026-09-09T19:52:03.233Z,0x29e410bd50df02849e7ce7a9464b6310e31e4e57f2408dd514412fb1f5c98669,,0x380538eb6ac46260a7c65ff401e73111a390b3f1b9d688dd14cc42aeeab71fce,02feaa6171ca82c657406fe6329435419d47b126,0.1.0,,1788983523,wall,observed,0,,1788983523,wall,observed,0,11670109,1788983532,l1_block,observed,0,11670109,1788983532,l1_block,observed,0,11677309,1789069932,l1_block,inferred,0,,,,,,307180496,1788984296,l2_block,observed,0,307180496,1788984296,l2_block,observed,0,11670109,1788983532,l1_block,observed,1,9,1,12,764,1,12,773,1,0.25,,,,1,98387417509624,,5439168000000,,0,103826585509624,,103826585509624,1,auto,87548,1123811138,21000,,1122811138,7200,on-chain,86400,on-chain,64,on-chain,768,on-chain,,,86400,on-chain,2163032,on-chain
d7fb8e9a-ef70-4ae5-a9b0-c9670355c92b,B-arb-sepolia,B,arbitrum-nitro,arb-sepolia,testnet,forced,eth_transfer,success,0,,0x593483F19Bd38Adb051afB90A79cce45C21dA6A5,,100000,0,2026-09-09T20:11:15.810Z,0xa80c1883ce6a5e0bb4ecb9398a79d500afb9568e0c37ee2d53600b6d22c2ec2b,,0x767b838973801debfa84f5e1bd88f165319d659f3e224716f2534a97149d2512,02feaa6171ca82c657406fe6329435419d47b126,0.1.0,,1788984676,wall,observed,0,,1788984676,wall,observed,0,11670199,1788984684,l1_block,observed,0,11670199,1788984684,l1_block,observed,0,11677399,1789071084,l1_block,inferred,0,,,,,,307185122,1788985451,l2_block,observed,0,307185122,1788985451,l2_block,observed,0,11670199,1788984684,l1_block,observed,1,8,1,12,767,1,12,775,1,0.25,,,,1,117979248373220,,5557482000000,,0,123536730373220,,123536730373220,1,auto,87548,1347595015,21000,,1346595015,7200,on-chain,86400,on-chain,64,on-chain,768,on-chain,,,86400,on-chain,2163032,on-chain
6d9316d1-ba40-4ed2-a740-6d5fced3ebc9,B-arb-sepolia,B,arbitrum-nitro,arb-sepolia,testnet,forced,eth_transfer,success,0,,0x593483F19Bd38Adb051afB90A79cce45C21dA6A5,,100000,0,2026-09-09T20:30:30.863Z,0x16f274b888439073a63b9ab24689afa2db2eac335bd5a126c54102ac7520070c,,0x3aeb0a08eaf9a276756e6c32c32902a2ef885ad73f0ea4a4430f3bc4e3b8f356,02feaa6171ca82c657406fe6329435419d47b126,0.1.0,,1788985831,wall,observed,0,,1788985831,wall,observed,0,11670293,1788985836,l1_block,observed,0,11670293,1788985836,l1_block,observed,0,11677493,1789072236,l1_block,inferred,0,,,,,,307189750,1788986606,l2_block,observed,0,307189750,1788986606,l2_block,observed,0,11670293,1788985836,l1_block,observed,1,5,1,12,770,1,12,775,1,0.25,,,,1,107613607634000,,5461638000000,,0,113075245634000,,113075245634000,1,auto,87548,1229195500,21000,,1228195500,7200,on-chain,86400,on-chain,64,on-chain,768,on-chain,,,86400,on-chain,2163032,on-chain
94bfe9c6-db69-4bc2-90ff-cc7fbadc32ca,B-arb-sepolia,B,arbitrum-nitro,arb-sepolia,testnet,forced,eth_transfer,success,0,,0x593483F19Bd38Adb051afB90A79cce45C21dA6A5,,100000,0,2026-09-09T20:49:40.143Z,0x3750b0e5747ba7d370be285ce3da4a8c04095809dd9f10e473be474bb4d1f27c,,0x1d0d086b7102a62e5e9de1a6b3a3d20ef1fe2f79536fdd89cc10922ccd28ab53,02feaa6171ca82c657406fe6329435419d47b126,0.1.0,,1788986981,wall,observed,0,,1788986981,wall,observed,0,11670385,1788986988,l1_block,observed,0,11670385,1788986988,l1_block,observed,0,11677585,1789073388,l1_block,inferred,0,,,,,,307194376,1788987761,l2_block,observed,0,307194376,1788987761,l2_block,observed,0,11670385,1788986988,l1_block,observed,1,7,1,12,773,1,12,780,1,0.25,,,,1,109979950317772,,5502378000000,,0,115482328317772,,115482328317772,1,auto,87548,1256224589,21000,,1255224589,7200,on-chain,86400,on-chain,64,on-chain,768,on-chain,,,86400,on-chain,2163032,on-chain
54d699fc-5813-44ce-8d5e-169a1613169b,B-arb-sepolia,B,arbitrum-nitro,arb-sepolia,testnet,forced,eth_transfer,success,0,,0x593483F19Bd38Adb051afB90A79cce45C21dA6A5,,100000,0,2026-09-09T21:08:52.142Z,0xe6894a33127102be979ad8a2d18bea88846563e32055ff2fbe76cbebbaa0a751,,0x0dc35ea91b2a257da6c45ab43c26e7c9c6198f914b274f81114782c96e073b88,02feaa6171ca82c657406fe6329435419d47b126,0.1.0,,1788988132,wall,observed,0,,1788988132,wall,observed,0,11670476,1788988140,l1_block,observed,0,11670476,1788988140,l1_block,observed,0,11677676,1789074540,l1_block,inferred,0,,,,,,307198944,1788988902,l2_block,observed,0,307198944,1788988902,l2_block,observed,0,11670476,1788988140,l1_block,observed,1,8,1,12,762,1,12,770,1,0.25,,,,1,114132231491724,,5408718000000,,0,119540949491724,,119540949491724,1,auto,87548,1303653213,21000,,1302653213,7200,on-chain,86400,on-chain,64,on-chain,768,on-chain,,,86400,on-chain,2163032,on-chain
56988567-647a-4aa6-8f4a-956c30c1eea0,B-arb-sepolia,B,arbitrum-nitro,arb-sepolia,testnet,forced,eth_transfer,success,0,,0x593483F19Bd38Adb051afB90A79cce45C21dA6A5,,100000,0,2026-09-09T14:01:07.844Z,0x7894656c86c142046ca9ce1ea0a42899606923161a25425dc6014d635189a3d9,,0xd36877cce6a8143513030ad371961ed0124a331307d1f688f38698c096063100,02feaa6171ca82c657406fe6329435419d47b126,0.1.0,,1788962468,wall,observed,0,,1788962468,wall,observed,0,11668396,1788962472,l1_block,observed,0,11668396,1788962472,l1_block,observed,0,11675596,1789048872,l1_block,inferred,0,,,,,,307095858,1788963173,l2_block,observed,0,307095858,1788963173,l2_block,observed,0,11668396,1788962472,l1_block,observed,1,4,1,12,701,1,12,705,1,0.25,,,,1,94374033867984,,5449962000000,,0,99823995867984,,99823995867984,1,auto,87536,1078116819,21000,,1077116819,7200,on-chain,86400,on-chain,64,on-chain,768,on-chain,,,86400,on-chain,2163032,on-chain
237e977c-4343-4b99-a7c5-2aa26e17c620,B-arb-sepolia,B,arbitrum-nitro,arb-sepolia,testnet,forced,eth_transfer,success,0,,0x593483F19Bd38Adb051afB90A79cce45C21dA6A5,,100000,0,2026-09-09T21:28:05.435Z,0xa4ed793c731897cfc2869069e93d6b96422f79a1b4ee5dcec0f08be712085215,,0x2d6065da1991cdd53b014b46a047cb948e73300b828a77a1fd50940a20d046b6,02feaa6171ca82c657406fe6329435419d47b126,0.1.0,,1788989286,wall,observed,0,,1788989286,wall,observed,0,11670570,1788989292,l1_block,observed,0,11670570,1788989292,l1_block,observed,0,11677770,1789075692,l1_block,inferred,0,,,,,,307203571,1788990057,l2_block,observed,0,307203571,1788990057,l2_block,observed,0,11670570,1788989292,l1_block,observed,1,6,1,12,765,1,12,771,1,0.25,,,,1,92348040683988,,5407794000000,,0,97755834683988,,97755834683988,1,auto,87548,1054827531,21000,,1053827531,7200,on-chain,86400,on-chain,64,on-chain,768,on-chain,,,86400,on-chain,2163032,on-chain
d952e7cc-16b5-4ca7-aa66-f14e0a66e5ae,B-arb-sepolia,B,arbitrum-nitro,arb-sepolia,testnet,forced,eth_transfer,success,0,,0x593483F19Bd38Adb051afB90A79cce45C21dA6A5,,100000,0,2026-09-09T21:47:18.665Z,0x0b1984ed746c2c4d422feaa3837b13608e7aa9c3ce87d567141f67381997bbd2,,0x0966857e8714b43b78beb483ab74f346a0ade4f2e1e7cc9fff616a8addb0570d,02feaa6171ca82c657406fe6329435419d47b126,0.1.0,,1788990440,wall,observed,0,,1788990440,wall,observed,0,11670665,1788990444,l1_block,observed,0,11670665,1788990444,l1_block,observed,0,11677865,1789076844,l1_block,inferred,0,,,,,,307208197,1788991212,l2_block,observed,0,307208197,1788991212,l2_block,observed,0,11670665,1788990444,l1_block,observed,1,4,1,12,768,1,12,772,1,0.25,,,,1,103494071775844,,5411322000000,,0,108905393775844,,108905393775844,1,auto,87548,1182140903,21000,,1181140903,7200,on-chain,86400,on-chain,64,on-chain,768,on-chain,,,86400,on-chain,2163032,on-chain
891605d9-9468-4b24-96f4-d80653265c69,B-arb-sepolia,B,arbitrum-nitro,arb-sepolia,testnet,forced,eth_transfer,success,0,,0x593483F19Bd38Adb051afB90A79cce45C21dA6A5,,100000,0,2026-09-09T22:06:26.932Z,0xaa595f18e32e1d6f2c15c2f55bac80b93ce2cf2139449744b6f042824bc93886,,0x2542dba102a7ca320cecfc0e677f3f67181dc427b33ee59b7f453999b390e684,02feaa6171ca82c657406fe6329435419d47b126,0.1.0,,1788991587,wall,observed,0,,1788991587,wall,observed,0,11670755,1788991596,l1_block,observed,0,11670755,1788991596,l1_block,observed,0,11677955,1789077996,l1_block,inferred,0,,,,,,307212883,1788992382,l2_block,observed,0,307212883,1788992382,l2_block,observed,0,11670755,1788991596,l1_block,observed,1,9,1,12,786,1,12,795,1,0.25,,,,1,105461521501136,,5434968000000,,0,110896489501136,,110896489501136,1,auto,87536,1204778851,21000,,1203778851,7200,on-chain,86400,on-chain,64,on-chain,768,on-chain,,,86400,on-chain,2163032,on-chain
1ba57348-d8d7-4ed1-b8eb-ab886ea0dfb0,B-arb-sepolia,B,arbitrum-nitro,arb-sepolia,testnet,forced,eth_transfer,success,0,,0x593483F19Bd38Adb051afB90A79cce45C21dA6A5,,100000,0,2026-09-09T22:25:38.591Z,0x954919cdeeee0fa5bc8f435cf1412e65214e1b98b669b42cf8bfbcb4e47d1e70,,0x3965bb2d54b19ae84783b2dfbb95a31958fede64d1f4e1726deddfd2612645bc,02feaa6171ca82c657406fe6329435419d47b126,0.1.0,,1788992739,wall,observed,0,,1788992739,wall,observed,0,11670848,1788992748,l1_block,observed,0,11670848,1788992748,l1_block,observed,0,11678048,1789079148,l1_block,inferred,0,,,,,,307217385,1788993507,l2_block,observed,0,307217385,1788993507,l2_block,observed,0,11670848,1788992748,l1_block,observed,1,9,1,12,759,1,12,768,1,0.25,,,,1,89862175894752,,5448198000000,,0,95310373894752,,95310373894752,1,auto,87548,1026433224,21000,,1025433224,7200,on-chain,86400,on-chain,64,on-chain,768,on-chain,,,86400,on-chain,2163032,on-chain
9d157949-9f9b-4dc7-ad2f-abf9f6dc45b4,B-arb-sepolia,B,arbitrum-nitro,arb-sepolia,testnet,forced,eth_transfer,success,0,,0x593483F19Bd38Adb051afB90A79cce45C21dA6A5,,100000,0,2026-09-09T22:44:50.398Z,0x3fbebcd6c6c2860087dfeaf28ba3ca85e3ceea60652f51f22a1e986b9239dd11,,0xf18d10b8d52b3ca12df6300074bf8cc089ab6da3ab6bb3be3058bf76b93f3318,02feaa6171ca82c657406fe6329435419d47b126,0.1.0,,1788993891,wall,observed,0,,1788993891,wall,observed,0,11670942,1788993900,l1_block,observed,0,11670942,1788993900,l1_block,observed,0,11678142,1789080300,l1_block,inferred,0,,,,,,307222003,1788994662,l2_block,observed,0,307222003,1788994662,l2_block,observed,0,11670942,1788993900,l1_block,observed,1,9,1,12,762,1,12,771,1,0.25,,,,1,98555887964532,,5416320000000,,0,103972207964532,,103972207964532,1,auto,87548,1125735459,21000,,1124735459,7200,on-chain,86400,on-chain,64,on-chain,768,on-chain,,,86400,on-chain,2163032,on-chain
b1fd7194-5fd7-425e-9966-0030eac59717,B-arb-sepolia,B,arbitrum-nitro,arb-sepolia,testnet,forced,eth_transfer,success,0,,0x593483F19Bd38Adb051afB90A79cce45C21dA6A5,,100000,0,2026-09-09T14:19:14.538Z,0x09a48dbe10efcdcbc16ff2dd7fa89d645741725d8313438e49586981442bf38a,,0xa8186188231f19b07f42280ecaeb46916065f268ab834636335c2bb5d413586f,02feaa6171ca82c657406fe6329435419d47b126,0.1.0,,1788963555,wall,observed,0,,1788963555,wall,observed,0,11668486,1788963576,l1_block,observed,0,11668486,1788963576,l1_block,observed,0,11675686,1789049976,l1_block,inferred,0,,,,,,307100488,1788964328,l2_block,observed,0,307100488,1788964328,l2_block,observed,0,11668486,1788963576,l1_block,observed,1,21,1,12,752,1,12,773,1,0.25,,,,1,95027868242320,,5488392000000,,0,100516260242320,,100516260242320,1,auto,87548,1085437340,21000,,1084437340,7200,on-chain,86400,on-chain,64,on-chain,768,on-chain,,,86400,on-chain,2163032,on-chain
725c940c-3999-4966-bc39-b38b30d2d2d9,B-arb-sepolia,B,arbitrum-nitro,arb-sepolia,testnet,forced,eth_transfer,success,0,,0x593483F19Bd38Adb051afB90A79cce45C21dA6A5,,100000,0,2026-09-09T15:57:20.613Z,0xb9a6219b6c5722553f113c25a356f94bf2cb60fe58461ac93e92a0bfbb884860,,0x96589fccafeed959c80f769ced009592f906ec6f26b3c484ec3e024f4d28ed5d,02feaa6171ca82c657406fe6329435419d47b126,0.1.0,,1788969442,wall,observed,0,,1788969442,wall,observed,0,11668962,1788969456,l1_block,observed,0,11668962,1788969456,l1_block,observed,0,11676162,1789055856,l1_block,inferred,0,,,,,,307123577,1788970089,l2_block,observed,0,307123577,1788970089,l2_block,observed,0,11668962,1788969456,l1_block,observed,1,14,1,12,633,1,12,647,1,0.25,,,,1,119206051756024,,5519682000000,,0,124725733756024,,124725733756024,1,auto,87548,1361607938,21000,,1360607938,7200,on-chain,86400,on-chain,64,on-chain,768,on-chain,,,86400,on-chain,2163032,on-chain
7de26b2d-6e00-440c-beef-33fad74afc71,B-arb-sepolia,B,arbitrum-nitro,arb-sepolia,testnet,forced,eth_transfer,success,0,,0x593483F19Bd38Adb051afB90A79cce45C21dA6A5,,100000,0,2026-09-09T16:14:27.972Z,0x2526a44102a7ad9faecc09b2c6f5aabc49e6a5880fafebbfa9b82614c899c69a,,0x452cb0ba2da472c4ef872002c562b46010cb3f521b8d8d2e88faa74efcc32050,02feaa6171ca82c657406fe6329435419d47b126,0.1.0,,1788970468,wall,observed,0,,1788970468,wall,observed,0,11669046,1788970476,l1_block,observed,0,11669046,1788970476,l1_block,observed,0,11676246,1789056876,l1_block,inferred,0,,,,,,307128206,1788971244,l2_block,observed,0,307128206,1788971244,l2_block,observed,0,11669046,1788970476,l1_block,observed,1,8,1,12,768,1,12,776,1,0.25,,,,1,130347316780064,,5533710000000,,0,135881026780064,,135881026780064,1,auto,87536,1489070974,21000,,1488070974,7200,on-chain,86400,on-chain,64,on-chain,768,on-chain,,,86400,on-chain,2163032,on-chain
62e43cb8-ba05-45e4-a3e6-652d927ca869,B-arb-sepolia,B,arbitrum-nitro,arb-sepolia,testnet,forced,eth_transfer,success,0,,0x593483F19Bd38Adb051afB90A79cce45C21dA6A5,,100000,0,2026-09-09T16:33:39.060Z,0x380e399ac782b64e86f46fd1a195eeaff134e67cc6a38e89eddbcc00d713a687,,0x5049374bae47199c80cc7f21a8488f135d91b597362855e390857e8f9ac6f277,02feaa6171ca82c657406fe6329435419d47b126,0.1.0,,1788971619,wall,observed,0,,1788971619,wall,observed,0,11669140,1788971628,l1_block,observed,0,11669140,1788971628,l1_block,observed,0,11676340,1789058028,l1_block,inferred,0,,,,,,307132829,1788972399,l2_block,observed,0,307132829,1788972399,l2_block,observed,0,11669140,1788971628,l1_block,observed,1,9,1,12,771,1,12,780,1,0.25,,,,1,95661993377028,,5512332000000,,0,101174325377028,,101174325377028,1,auto,87548,1092680511,21000,,1091680511,7200,on-chain,86400,on-chain,64,on-chain,768,on-chain,,,86400,on-chain,2163032,on-chain
a0f97a08-3305-4681-8518-d267d50750c3,B-arb-sepolia,B,arbitrum-nitro,arb-sepolia,testnet,forced,eth_transfer,success,0,,0x593483F19Bd38Adb051afB90A79cce45C21dA6A5,,100000,0,2026-09-09T17:00:33.069Z,0x4b065eecb0f322319af12b7aaa6e1d19c33b4e8331167d9da7eb613d724e2285,,0xf0711ca43ff47fc2e4ff4209eb9b5ec814e314c3b116552326f604392a45acbd,02feaa6171ca82c657406fe6329435419d47b126,0.1.0,,1788973233,wall,observed,0,,1788973233,wall,observed,0,11669269,1788973236,l1_block,observed,0,11669269,1788973236,l1_block,observed,0,11676469,1789059636,l1_block,inferred,0,,,,,,307138964,1788973929,l2_block,observed,0,307138964,1788973929,l2_block,observed,0,11669269,1788973236,l1_block,observed,1,3,1,12,693,1,12,696,1,0.25,,,,1,97587106134876,,5637156000000,,0,103224262134876,,103224262134876,1,auto,87548,1114669737,21000,,1113669737,7200,on-chain,86400,on-chain,64,on-chain,768,on-chain,,,86400,on-chain,2163032,on-chain
656cb33a-5cfd-4e61-928e-923fc05d79e8,B-arb-sepolia,B,arbitrum-nitro,arb-sepolia,testnet,forced,eth_transfer,success,0,,0x593483F19Bd38Adb051afB90A79cce45C21dA6A5,,100000,0,2026-09-09T17:18:26.293Z,0x7b8c7a98c8395538553a34d66210e47bad1ad438acc16296b6a60e5589ea6232,,0xece9ee4e3745449f9646ee3f5891ce7734802f6db423720c07397deb776500a6,02feaa6171ca82c657406fe6329435419d47b126,0.1.0,,1788974306,wall,observed,0,,1788974306,wall,observed,0,11669356,1788974316,l1_block,observed,0,11669356,1788974316,l1_block,observed,0,11676556,1789060716,l1_block,inferred,0,,,,,,307143595,1788975085,l2_block,observed,0,307143595,1788975085,l2_block,observed,0,11669356,1788974316,l1_block,observed,1,10,1,12,769,1,12,779,1,0.25,,,,1,92270331065584,,5589234000000,,0,97859565065584,,97859565065584,1,auto,87548,1053939908,21000,,1052939908,7200,on-chain,86400,on-chain,64,on-chain,768,on-chain,,,86400,on-chain,2163032,on-chain
055808db-ec6b-401e-86e3-ad9889363d9b,B-arb-sepolia,B,arbitrum-nitro,arb-sepolia,testnet,forced,eth_transfer,success,0,,0x593483F19Bd38Adb051afB90A79cce45C21dA6A5,,100000,0,2026-09-09T17:37:40.347Z,0xb9606a4f5ea1ab35960ac0782b303de19142e8176928712a79ed629c4ed0e682,,0xfb9ca822a70bd84986eeaaf4da5facb1b60a7578aee5d7d8099a7fb1e6a573ad,02feaa6171ca82c657406fe6329435419d47b126,0.1.0,,1788975461,wall,observed,0,,1788975461,wall,observed,0,11669449,1788975468,l1_block,observed,0,11669449,1788975468,l1_block,observed,0,11676649,1789061868,l1_block,inferred,0,,,,,,307148221,1788976240,l2_block,observed,0,307148221,1788976240,l2_block,observed,0,11669449,1788975468,l1_block,observed,1,7,1,12,772,1,12,779,1,0.25,,,,1,105974513666864,,5494230000000,,0,111468743666864,,111468743666864,1,auto,87548,1210473268,21000,,1209473268,7200,on-chain,86400,on-chain,64,on-chain,768,on-chain,,,86400,on-chain,2163032,on-chain
a0ac5540-1919-4b82-94ff-a67fc70fa577,B-arb-sepolia,B,arbitrum-nitro,arb-sepolia,testnet,forced,eth_transfer,success,0,,0x593483F19Bd38Adb051afB90A79cce45C21dA6A5,,100000,0,2026-09-09T17:56:51.426Z,0xad6360d3794456652929a82724788ffe972a392ba4416a7f90f1d52efbd98751,,0x9888daa16e6245f2f6b37b68886c0e436640a5e299438fcfb36d6fc946d762be,02feaa6171ca82c657406fe6329435419d47b126,0.1.0,,1788976612,wall,observed,0,,1788976612,wall,observed,0,11669542,1788976632,l1_block,observed,0,11669542,1788976632,l1_block,observed,0,11676742,1789063032,l1_block,inferred,0,,,,,,307152848,1788977395,l2_block,observed,0,307152848,1788977395,l2_block,observed,0,11669542,1788976632,l1_block,observed,1,20,1,12,763,1,12,783,1,0.25,,,,1,99955213855536,,5493264000000,,0,105448477855536,,105448477855536,1,auto,87536,1141875501,21000,,1140875501,7200,on-chain,86400,on-chain,64,on-chain,768,on-chain,,,86400,on-chain,2163032,on-chain
ba448833-17b7-4b33-8f6f-e3e8c0f5e845,B-op-sepolia,B,op-stack,op-sepolia,testnet,forced,eth_transfer,success,0,,0x593483F19Bd38Adb051afB90A79cce45C21dA6A5,,100000,0,2026-09-08T21:20:05.641Z,0x3e0c0f9381520965b019c00a0500555b81f5705eaec9211d5a60164ef99a9a92,,,02feaa6171ca82c657406fe6329435419d47b126,0.1.0,,1788902405,wall,observed,0,,1788902405,wall,observed,0,11663586,1788902412,l1_block,observed,0,11663586,1788902412,l1_block,observed,0,,,,,,,,,,,48549981,1788902502,l2_block,observed,0,48549981,1788902502,l2_block,observed,0,11663586,1788902412,l1_block,observed,1,7,1,12,90,1,12,97,1,2,,,,1,130469757314220,,,,,130469757314220,,130469757314220,1,,122685,1063453212,,,1062453212,,,,,,,,,5.6.1,on-chain,43200,rollup-config,,
b5d65bb9-dd5f-4ab5-8338-33e9131decc6,B-op-sepolia,B,op-stack,op-sepolia,testnet,forced,eth_transfer,success,0,,0x593483F19Bd38Adb051afB90A79cce45C21dA6A5,,100000,0,2026-09-09T09:12:01.114Z,0x4f711a5d49f9a809bcc569ad99dc47cbca218055dbbc8611b9a746c5ef686090,,0xaeafabfef3a9ef043d95d90b0475081744769e3912e107acd9c26d59a531933f,02feaa6171ca82c657406fe6329435419d47b126,0.1.0,,1788945121,wall,observed,0,,1788945121,wall,observed,0,11667003,1788945132,l1_block,observed,0,11667003,1788945132,l1_block,observed,0,,,,,,,,,,,48571335,1788945210,l2_block,observed,0,48571335,1788945210,l2_block,observed,0,11667003,1788945132,l1_block,observed,1,11,1,12,78,1,12,89,1,2,,,,1,131956356093530,,,,,131956356093530,,131956356093530,1,,118310,1115344063,,,1114344063,,,,,,,,,5.6.1,on-chain,43200,rollup-config,,
3e75ab4c-f5b5-4498-bd48-b84d4e3f3947,B-op-sepolia,B,op-stack,op-sepolia,testnet,forced,eth_transfer,success,0,,0x593483F19Bd38Adb051afB90A79cce45C21dA6A5,,100000,0,2026-09-09T09:31:14.434Z,0xa9969126b4e2114fd2f5213f3515d735327e1bd00ef5cb3aa179fa2884a9d257,,0xc920f6c36dd431ef89a9f843c7ba4214c76b342d613499493b46579a179579ac,02feaa6171ca82c657406fe6329435419d47b126,0.1.0,,1788946274,wall,observed,0,,1788946274,wall,observed,0,11667092,1788946284,l1_block,observed,0,11667092,1788946284,l1_block,observed,0,,,,,,,,,,,48571907,1788946354,l2_block,observed,0,48571907,1788946354,l2_block,observed,0,11667092,1788946284,l1_block,observed,1,10,1,12,70,1,12,80,1,2,,,,1,129817114974585,,,,,129817114974585,,129817114974585,1,,124785,1040326281,,,1039326281,,,,,,,,,5.6.1,on-chain,43200,rollup-config,,
219e2a64-40ea-4e6b-bc18-cf4d0474c2fa,B-op-sepolia,B,op-stack,op-sepolia,testnet,forced,eth_transfer,success,0,,0x593483F19Bd38Adb051afB90A79cce45C21dA6A5,,100000,0,2026-09-09T09:50:25.424Z,0xda21ba5e01bf43d0fd4a8c1c81a354455bb5fdcf6abe0f36abb49106e8c6d811,,0xcdcf46710c0c2fc34d3f8e54a3928068810f105b2389a74b3a9c61c81c5a8613,02feaa6171ca82c657406fe6329435419d47b126,0.1.0,,1788947425,wall,observed,0,,1788947425,wall,observed,0,11667188,1788947436,l1_block,observed,0,11667188,1788947436,l1_block,observed,0,,,,,,,,,,,48572484,1788947508,l2_block,observed,0,48572484,1788947508,l2_block,observed,0,11667188,1788947436,l1_block,observed,1,11,1,12,72,1,12,83,1,2,,,,1,131219711182590,,,,,131219711182590,,131219711182590,1,,120585,1088192654,,,1087192654,,,,,,,,,5.6.1,on-chain,43200,rollup-config,,
c006766c-ba52-418b-99e6-3ab8dcfef0b2,B-op-sepolia,B,op-stack,op-sepolia,testnet,forced,eth_transfer,success,0,,0x593483F19Bd38Adb051afB90A79cce45C21dA6A5,,100000,0,2026-09-09T10:09:37.047Z,0xb87dd4fb4e0d42f2bb08f04f6a518ed930a636c4113800ce6d1a0a15f0a44b56,,0x894b01c253ebd20eb889816b1b3a022feecc540dcf4cd0eff345e7c9962e0792,02feaa6171ca82c657406fe6329435419d47b126,0.1.0,,1788948577,wall,observed,0,,1788948577,wall,observed,0,11667282,1788948588,l1_block,observed,0,11667282,1788948588,l1_block,observed,0,,,,,,,,,,,48573068,1788948676,l2_block,observed,0,48573068,1788948676,l2_block,observed,0,11667282,1788948588,l1_block,observed,1,11,1,12,88,1,12,99,1,2,,,,1,130867982427215,,,,,130867982427215,,130867982427215,1,,121285,1079012099,,,1078012099,,,,,,,,,5.6.1,on-chain,43200,rollup-config,,
e8bbc99f-4e61-4b50-b6b2-8eb48fae4993,B-op-sepolia,B,op-stack,op-sepolia,testnet,forced,eth_transfer,success,0,,0x593483F19Bd38Adb051afB90A79cce45C21dA6A5,,100000,0,2026-09-09T10:28:49.031Z,0x059dd6595b79391376867a882d879d766c469349eb96d5b7535aec375c6f9753,,0x991dd982be31376e5119e404a5d5c0d9b0da72176b8cad46550bf174a645bf36,02feaa6171ca82c657406fe6329435419d47b126,0.1.0,,1788949729,wall,observed,0,,1788949729,wall,observed,0,11667374,1788949752,l1_block,observed,0,11667374,1788949752,l1_block,observed,0,,,,,,,,,,,48573645,1788949830,l2_block,observed,0,48573645,1788949830,l2_block,observed,0,11667374,1788949752,l1_block,observed,1,23,1,12,78,1,12,101,1,2,,,,1,130961468302940,,,,,130961468302940,,130961468302940,1,,121460,1078227139,,,1077227139,,,,,,,,,5.6.1,on-chain,43200,rollup-config,,
4393de78-89fb-461a-a3c0-5ee53991a55c,B-op-sepolia,B,op-stack,op-sepolia,testnet,forced,eth_transfer,success,0,,0x593483F19Bd38Adb051afB90A79cce45C21dA6A5,,100000,0,2026-09-09T10:48:02.484Z,0xfbae82a06ee286b31df907ea57170aa8c75a5b357b02357490c66047d5248e42,,0xf683a12124e9884516e6723d907c181a0788b21d7e2bc8a1e2ed983ab1e7d941,02feaa6171ca82c657406fe6329435419d47b126,0.1.0,,1788950882,wall,observed,0,,1788950882,wall,observed,0,11667466,1788950904,l1_block,observed,0,11667466,1788950904,l1_block,observed,0,,,,,,,,,,,48574223,1788950986,l2_block,observed,0,48574223,1788950986,l2_block,observed,0,11667466,1788950904,l1_block,observed,1,22,1,12,82,1,12,104,1,2,,,,1,131516373525900,,,,,131516373525900,,131516373525900,1,,119185,1103464140,,,1102464140,,,,,,,,,5.6.1,on-chain,43200,rollup-config,,
363787f8-dabb-4d12-951a-668e1ce06996,B-op-sepolia,B,op-stack,op-sepolia,testnet,forced,eth_transfer,success,0,,0x593483F19Bd38Adb051afB90A79cce45C21dA6A5,,100000,0,2026-09-09T11:07:12.873Z,0x01cea7c1d9e5cd7ce9746ba07f32f601cc8940bb4c3abe9323c18c400eacd617,,0x5a525fc75906565278fe99a5a77941f630c48b2ce2dde6edc2d36955fa5089ce,02feaa6171ca82c657406fe6329435419d47b126,0.1.0,,1788952032,wall,observed,0,,1788952032,wall,observed,0,11667555,1788952044,l1_block,observed,0,11667555,1788952044,l1_block,observed,0,,,,,,,,,,,48574788,1788952116,l2_block,observed,0,48574788,1788952116,l2_block,observed,0,11667555,1788952044,l1_block,observed,1,12,1,12,72,1,12,84,1,2,,,,1,131247276522840,,,,,131247276522840,,131247276522840,1,,120060,1093180714,,,1092180714,,,,,,,,,5.6.1,on-chain,43200,rollup-config,,
8109cc69-85cb-4abc-84bf-98faeb82b380,B-op-sepolia,B,op-stack,op-sepolia,testnet,forced,eth_transfer,success,0,,0x593483F19Bd38Adb051afB90A79cce45C21dA6A5,,100000,0,2026-09-09T11:26:26.193Z,0x42ab15073d4f0094e56a4acfdc78ef491ddfd9ac929d97cadfd808efd6fef03d,,0xb23a7dd7ee39734c6ddd24466687bb8b14bf525e0624ade74d20821dfb197157,02feaa6171ca82c657406fe6329435419d47b126,0.1.0,,1788953186,wall,observed,0,,1788953186,wall,observed,0,11667649,1788953196,l1_block,observed,0,11667649,1788953196,l1_block,observed,0,,,,,,,,,,,48575366,1788953272,l2_block,observed,0,48575366,1788953272,l2_block,observed,0,11667649,1788953196,l1_block,observed,1,10,1,12,76,1,12,86,1,2,,,,1,130591183504865,,,,,130591183504865,,130591183504865,1,,122335,1067488319,,,1066488319,,,,,,,,,5.6.1,on-chain,43200,rollup-config,,
e51401f7-3bad-4108-9bcc-9ea03ae6924a,B-op-sepolia,B,op-stack,op-sepolia,testnet,forced,eth_transfer,success,0,,0x593483F19Bd38Adb051afB90A79cce45C21dA6A5,,100000,0,2026-09-09T11:45:36.866Z,0x58cf0535f77bc4bd745cb980b965304d25259c95b754d9c796d1c8468d45443d,,0x7ee7b6095d262711bd4e27d6605fec810159f4035a5d8fd2af47d2d5139d27d1,02feaa6171ca82c657406fe6329435419d47b126,0.1.0,,1788954336,wall,observed,0,,1788954336,wall,observed,0,11667742,1788954348,l1_block,observed,0,11667742,1788954348,l1_block,observed,0,,,,,,,,,,,48575949,1788954438,l2_block,observed,0,48575949,1788954438,l2_block,observed,0,11667742,1788954348,l1_block,observed,1,12,1,12,90,1,12,102,1,2,,,,1,129466298198320,,,,,129466298198320,,129466298198320,1,,125660,1030290452,,,1029290452,,,,,,,,,5.6.1,on-chain,43200,rollup-config,,
9e2b7d1b-f9c9-42b7-ad46-4d612829f6ec,B-op-sepolia,B,op-stack,op-sepolia,testnet,forced,eth_transfer,success,0,,0x593483F19Bd38Adb051afB90A79cce45C21dA6A5,,100000,0,2026-09-09T12:04:50.611Z,0x8e7319a21a277446db4f86f3ceaabf06087dd539e206275066be8f5c1e02fd48,,0xd0b8255adfa29c90418cc85ed2f0ea3355ba47500d544ea9a9b585042c55eca3,02feaa6171ca82c657406fe6329435419d47b126,0.1.0,,1788955490,wall,observed,0,,1788955490,wall,observed,0,11667835,1788955500,l1_block,observed,0,11667835,1788955500,l1_block,observed,0,,,,,,,,,,,48576515,1788955570,l2_block,observed,0,48576515,1788955570,l2_block,observed,0,11667835,1788955500,l1_block,observed,1,10,1,12,70,1,12,80,1,2,,,,1,130660059033225,,,,,130660059033225,,130660059033225,1,,121985,1071115785,,,1070115785,,,,,,,,,5.6.1,on-chain,43200,rollup-config,,
b9565850-9e21-482d-84fa-a8b73c9496ac,B-op-sepolia,B,op-stack,op-sepolia,testnet,forced,eth_transfer,success,0,,0x593483F19Bd38Adb051afB90A79cce45C21dA6A5,,100000,0,2026-09-09T06:19:53.168Z,0xcc4f1b27b1a87c459847395e642f92b3d32238e46c0d78e7cdd05012736d2aec,,0x616f6bccb5eda633509e3bcaf7620920d627d21f8d0c9e76681f625e1b7bff23,02feaa6171ca82c657406fe6329435419d47b126,0.1.0,,1788934793,wall,observed,0,,1788934793,wall,observed,0,11666163,1788934800,l1_block,observed,0,11666163,1788934800,l1_block,observed,0,,,,,,,,,,,48566168,1788934876,l2_block,observed,0,48566168,1788934876,l2_block,observed,0,11666163,1788934800,l1_block,observed,1,7,1,12,76,1,12,83,1,2,,,,1,130529767016420,,,,,130529767016420,,130529767016420,1,,122510,1065462142,,,1064462142,,,,,,,,,5.6.1,on-chain,43200,rollup-config,,
6feb9d04-f770-4355-9627-2c9f70d11ff6,B-op-sepolia,B,op-stack,op-sepolia,testnet,forced,eth_transfer,success,0,,0x593483F19Bd38Adb051afB90A79cce45C21dA6A5,,100000,0,2026-09-09T12:24:26.405Z,0x82f0b41295000bbed71d0f8dab98e3f32fc8c4fd9a56aeacf8c28d7b08a5c76d,,0x1fb22dc303cb1a2b800d67416d2fd38d6133405f9a7f248b1c919f4bd2b7cb79,02feaa6171ca82c657406fe6329435419d47b126,0.1.0,,1788956666,wall,observed,0,,1788956666,wall,observed,0,11667928,1788956676,l1_block,observed,0,11667928,1788956676,l1_block,observed,0,,,,,,,,,,,48577104,1788956748,l2_block,observed,0,48577104,1788956748,l2_block,observed,0,11667928,1788956676,l1_block,observed,1,10,1,12,72,1,12,82,1,2,,,,1,131543712896310,,,,,131543712896310,,131543712896310,1,,119185,1103693526,,,1102693526,,,,,,,,,5.6.1,on-chain,43200,rollup-config,,
10180f9f-7185-4c99-af6d-c539ac9f1a6c,B-op-sepolia,B,op-stack,op-sepolia,testnet,forced,eth_transfer,success,0,,0x593483F19Bd38Adb051afB90A79cce45C21dA6A5,,100000,0,2026-09-09T12:43:14.926Z,0x8d49740aa0c4f9e5535ecd0f1aae6337049b7606276856f82fd540a8ef4c09d0,,0xbd6657b41d6846488400e43f7523c587b26adbd4f0996b05eeb59d9bb5df1b3c,02feaa6171ca82c657406fe6329435419d47b126,0.1.0,,1788957794,wall,observed,0,,1788957794,wall,observed,0,11668018,1788957804,l1_block,observed,0,11668018,1788957804,l1_block,observed,0,,,,,,,,,,,48577670,1788957880,l2_block,observed,0,48577670,1788957880,l2_block,observed,0,11668018,1788957804,l1_block,observed,1,10,1,12,76,1,12,86,1,2,,,,1,130149404950600,,,,,130149404950600,,130149404950600,1,,123385,1054823560,,,1053823560,,,,,,,,,5.6.1,on-chain,43200,rollup-config,,
8f8334fc-376e-453c-b8a8-75b6cc0eb78b,B-op-sepolia,B,op-stack,op-sepolia,testnet,forced,eth_transfer,success,0,,0x593483F19Bd38Adb051afB90A79cce45C21dA6A5,,100000,0,2026-09-09T13:02:26.108Z,0xdec63851b214054cf3409246ae87269ac607aeac131101d29fcc4cc319929e6b,,0xd1d1065db65958453230c852ea1b262552f078216f53d62ddc8306d8f96557c6,02feaa6171ca82c657406fe6329435419d47b126,0.1.0,,1788958946,wall,observed,0,,1788958946,wall,observed,0,11668110,1788958956,l1_block,observed,0,11668110,1788958956,l1_block,observed,0,,,,,,,,,,,48578247,1788959034,l2_block,observed,0,48578247,1788959034,l2_block,observed,0,11668110,1788958956,l1_block,observed,1,10,1,12,78,1,12,88,1,2,,,,1,129685154966400,,,,,129685154966400,,129685154966400,1,,124960,1037813340,,,1036813340,,,,,,,,,5.6.1,on-chain,43200,rollup-config,,
6b93329b-30af-46e2-a9b2-02e58d6a5ee7,B-op-sepolia,B,op-stack,op-sepolia,testnet,forced,eth_transfer,success,0,,0x593483F19Bd38Adb051afB90A79cce45C21dA6A5,,100000,0,2026-09-09T13:21:37.969Z,0xda688030f4896fda507dddaca9a71a4e763a480ccff014110209fa4c4800765a,,0x64e5dc7c48d08234f8a2b4546c65bfa8c089f56628a9bd6d70c521a5602d6057,02feaa6171ca82c657406fe6329435419d47b126,0.1.0,,1788960097,wall,observed,0,,1788960097,wall,observed,0,11668205,1788960120,l1_block,observed,0,11668205,1788960120,l1_block,observed,0,,,,,,,,,,,48578831,1788960202,l2_block,observed,0,48578831,1788960202,l2_block,observed,0,11668205,1788960120,l1_block,observed,1,23,1,12,82,1,12,105,1,2,,,,1,131187693439720,,,,,131187693439720,,131187693439720,1,,120410,1089508292,,,1088508292,,,,,,,,,5.6.1,on-chain,43200,rollup-config,,
9ac68066-0452-47ce-848a-efc4608fb2be,B-op-sepolia,B,op-stack,op-sepolia,testnet,forced,eth_transfer,success,0,,0x593483F19Bd38Adb051afB90A79cce45C21dA6A5,,100000,0,2026-09-09T13:40:49.337Z,0xc0f2b914d677f10e251158d0c129d464e25add8c500da12a67545f26b151b5a7,,0x99ab229ab476a0646c6ae9443af7367ead05fd29363d8048f8c62ec73e1f9491,02feaa6171ca82c657406fe6329435419d47b126,0.1.0,,1788961249,wall,observed,0,,1788961249,wall,observed,0,11668296,1788961260,l1_block,observed,0,11668296,1788961260,l1_block,observed,0,,,,,,,,,,,48579396,1788961332,l2_block,observed,0,48579396,1788961332,l2_block,observed,0,11668296,1788961260,l1_block,observed,1,11,1,12,72,1,12,83,1,2,,,,1,128637730704540,,,,,128637730704540,,128637730704540,1,,128460,1001383549,,,1000383549,,,,,,,,,5.6.1,on-chain,43200,rollup-config,,
fafc7d1d-0955-4533-bfb8-31a3881eee14,B-op-sepolia,B,op-stack,op-sepolia,testnet,forced,eth_transfer,success,0,,0x593483F19Bd38Adb051afB90A79cce45C21dA6A5,,100000,0,2026-09-09T06:38:24.451Z,0x04b8bb77e8f1f93674a1de62bdb8ab9b9d17763e6e8d3eee3301ae254d2b8f26,,0xde3044872cb27f41cf1fd474eb5bfef5a470819ec54019acd2c7ae3538406719,02feaa6171ca82c657406fe6329435419d47b126,0.1.0,,1788935904,wall,observed,0,,1788935904,wall,observed,0,11666255,1788935928,l1_block,observed,0,11666255,1788935928,l1_block,observed,0,,,,,,,,,,,48566733,1788936006,l2_block,observed,0,48566733,1788936006,l2_block,observed,0,11666255,1788935928,l1_block,observed,1,24,1,12,78,1,12,102,1,2,,,,1,131653569405545,,,,,131653569405545,,131653569405545,1,,119185,1104615257,,,1103615257,,,,,,,,,5.6.1,on-chain,43200,rollup-config,,
24cea310-22c9-416c-9d4d-ffdeea39b0d8,B-op-sepolia,B,op-stack,op-sepolia,testnet,forced,eth_transfer,success,0,,0x593483F19Bd38Adb051afB90A79cce45C21dA6A5,,100000,0,2026-09-09T06:57:38.181Z,0xadee7d2bfaea2356f14a2bf082013062b8b9a170f2b3e7f5f9d3e45e4b59fab9,,0xe8762555ee0f31bd2430eb54938dfd9e3661c45313234f97d1b18a2e5ba86a5e,02feaa6171ca82c657406fe6329435419d47b126,0.1.0,,1788937058,wall,observed,0,,1788937058,wall,observed,0,11666349,1788937068,l1_block,observed,0,11666349,1788937068,l1_block,observed,0,,,,,,,,,,,48567305,1788937150,l2_block,observed,0,48567305,1788937150,l2_block,observed,0,11666349,1788937068,l1_block,observed,1,10,1,12,82,1,12,92,1,2,,,,1,130903832651680,,,,,130903832651680,,130903832651680,1,,120935,1082431328,,,1081431328,,,,,,,,,5.6.1,on-chain,43200,rollup-config,,
0fd4e896-55e7-4f7a-a429-9f0e9b84f1bd,B-op-sepolia,B,op-stack,op-sepolia,testnet,forced,eth_transfer,success,0,,0x593483F19Bd38Adb051afB90A79cce45C21dA6A5,,100000,0,2026-09-09T07:16:49.220Z,0x94f9f94d85f50f164fccc39b0f06856668bf468c0734b64b087ef5df1b12a527,,0xe28c2b12dc57966d3464650562d39b5bac7682bd4279a0839f574fda64a62486,02feaa6171ca82c657406fe6329435419d47b126,0.1.0,,1788938209,wall,observed,0,,1788938209,wall,observed,0,11666443,1788938220,l1_block,observed,0,11666443,1788938220,l1_block,observed,0,,,,,,,,,,,48567876,1788938292,l2_block,observed,0,48567876,1788938292,l2_block,observed,0,11666443,1788938220,l1_block,observed,1,11,1,12,72,1,12,83,1,2,,,,1,130853561755800,,,,,130853561755800,,130853561755800,1,,121810,1074243180,,,1073243180,,,,,,,,,5.6.1,on-chain,43200,rollup-config,,
9fb36558-6056-422c-beae-046c3d4f5075,B-op-sepolia,B,op-stack,op-sepolia,testnet,forced,eth_transfer,success,0,,0x593483F19Bd38Adb051afB90A79cce45C21dA6A5,,100000,0,2026-09-09T07:36:01.691Z,0xcf318e65ec185274b06a4524a0a658c51b13cae8daa2cd534fd342f03acaed6f,,0xdc9ee1bafb1e7aa63c6c856f853a96cc62735a0f2022ae8a25010bfca9097586,02feaa6171ca82c657406fe6329435419d47b126,0.1.0,,1788939361,wall,observed,0,,1788939361,wall,observed,0,11666538,1788939372,l1_block,observed,0,11666538,1788939372,l1_block,observed,0,,,,,,,,,,,48568454,1788939448,l2_block,observed,0,48568454,1788939448,l2_block,observed,0,11666538,1788939372,l1_block,observed,1,11,1,12,76,1,12,87,1,2,,,,1,128997423840120,,,,,128997423840120,,128997423840120,1,,127060,1015248102,,,1014248102,,,,,,,,,5.6.1,on-chain,43200,rollup-config,,
a656c4cf-084b-4d7a-8271-8c8ec4366432,B-op-sepolia,B,op-stack,op-sepolia,testnet,forced,eth_transfer,success,0,,0x593483F19Bd38Adb051afB90A79cce45C21dA6A5,,100000,0,2026-09-09T07:55:12.136Z,0xe8b9b661b438555b26d23c54e5a2965d267171e5f989dd000f873a6633206ea5,,0xc1fe0ccfac5eaf7f49fe646e774d874dbbc00fa820a4be8930bd739745a00e14,02feaa6171ca82c657406fe6329435419d47b126,0.1.0,,1788940512,wall,observed,0,,1788940512,wall,observed,0,11666630,1788940524,l1_block,observed,0,11666630,1788940524,l1_block,observed,0,,,,,,,,,,,48569031,1788940602,l2_block,observed,0,48569031,1788940602,l2_block,observed,0,11666630,1788940524,l1_block,observed,1,12,1,12,78,1,12,90,1,2,,,,1,127947809698961,,,,,127947809698961,,127947809698961,1,,128473,995912057,,,994912057,,,,,,,,,5.6.1,on-chain,43200,rollup-config,,
e88a002d-17d7-4f44-9cf1-7312a8fcd3eb,B-op-sepolia,B,op-stack,op-sepolia,testnet,forced,eth_transfer,success,0,,0x593483F19Bd38Adb051afB90A79cce45C21dA6A5,,100000,0,2026-09-09T08:14:25.093Z,0xc36a037d3837e3c638b0b724633f01eefea828688a90e8f23f575175d337390a,,0x59434fc82b953190e759511961749c18a336757d90399e5c214ed21e7504b119,02feaa6171ca82c657406fe6329435419d47b126,0.1.0,,1788941665,wall,observed,0,,1788941665,wall,observed,0,11666720,1788941688,l1_block,observed,0,11666720,1788941688,l1_block,observed,0,,,,,,,,,,,48569610,1788941760,l2_block,observed,0,48569610,1788941760,l2_block,observed,0,11666720,1788941688,l1_block,observed,1,23,1,12,72,1,12,95,1,2,,,,1,130767068741400,,,,,130767068741400,,130767068741400,1,,121635,1075077640,,,1074077640,,,,,,,,,5.6.1,on-chain,43200,rollup-config,,
36070bfa-823a-4676-bd65-f091754a2e09,B-op-sepolia,B,op-stack,op-sepolia,testnet,forced,eth_transfer,success,0,,0x593483F19Bd38Adb051afB90A79cce45C21dA6A5,,100000,0,2026-09-09T08:33:38.269Z,0x2f763aa0f47cb2afec9eb2d58d02a5a8eb2f811303a897a2d3ab6c2e15207530,,0x80251336a659955a84650fd50a047c01a52ccab0a8bc025b98f30d6415166a05,02feaa6171ca82c657406fe6329435419d47b126,0.1.0,,1788942818,wall,observed,0,,1788942818,wall,observed,0,11666815,1788942828,l1_block,observed,0,11666815,1788942828,l1_block,observed,0,,,,,,,,,,,48570180,1788942900,l2_block,observed,0,48570180,1788942900,l2_block,observed,0,11666815,1788942828,l1_block,observed,1,10,1,12,72,1,12,82,1,2,,,,1,130687248594110,,,,,130687248594110,,130687248594110,1,,121810,1072877831,,,1071877831,,,,,,,,,5.6.1,on-chain,43200,rollup-config,,
d73bdcb3-5f39-4853-8127-d71c029de3de,B-op-sepolia,B,op-stack,op-sepolia,testnet,forced,eth_transfer,success,0,,0x593483F19Bd38Adb051afB90A79cce45C21dA6A5,,100000,0,2026-09-09T08:52:49.663Z,0xd46de89ea6a498733dfa7012064012ab7546fd89eb02594c7c10b1693803e275,,0x36ff92c207b52772598539040bf6a760e8d290db45896a5b454ec2511e8b8dab,02feaa6171ca82c657406fe6329435419d47b126,0.1.0,,1788943969,wall,observed,0,,1788943969,wall,observed,0,11666909,1788943980,l1_block,observed,0,11666909,1788943980,l1_block,observed,0,,,,,,,,,,,48570758,1788944056,l2_block,observed,0,48570758,1788944056,l2_block,observed,0,11666909,1788943980,l1_block,observed,1,11,1,12,76,1,12,87,1,2,,,,1,130740305035700,,,,,130740305035700,,130740305035700,1,,121985,1071773620,,,1070773620,,,,,,,,,5.6.1,on-chain,43200,rollup-config,,
